billing_line_id,invoice_month,usage_start_date,usage_end_date,resource_pool_id,team_id,contract_id,charge_type,procurement_model,billed_gpu_hours,unit_rate_usd,gross_cost_usd,discount_usd,net_cost_usd,currency,recorded_at
BL-0000001,2025-08,2025-08-01,2025-08-31,GPU-001,TEAM-FMT,CTR-2025-101,Usage,Reserved,5952.0,4.6325,27572.64,9374.4,18198.24,USD,2025-08-13T00:00:00Z
BL-0000002,2025-08,2025-08-01,2025-08-31,GPU-001,TEAM-FMT,CTR-2025-101,UnusedCommitment,Reserved,3715.3,3.0575,11359.54,0,11359.54,USD,2025-08-13T00:00:00Z
BL-0000003,2025-10,2025-09-01,2025-09-30,GPU-001,TEAM-FMT,CTR-2025-101,Usage,Reserved,5760.0,4.6325,26683.2,9072.0,17611.2,USD,2025-10-11T00:00:00Z
BL-0000004,2025-10,2025-09-01,2025-09-30,GPU-001,TEAM-FMT,CTR-2025-101,UnusedCommitment,Reserved,3889.86,3.0575,11893.23,0,11893.23,USD,2025-10-11T00:00:00Z
BL-0000005,2025-10,2025-10-01,2025-10-31,GPU-001,TEAM-FMT,CTR-2025-101,Usage,Reserved,5952.0,4.6325,27572.64,9374.4,18198.24,USD,2025-10-06T00:00:00Z
BL-0000006,2025-10,2025-10-01,2025-10-31,GPU-001,TEAM-FMT,CTR-2025-101,UnusedCommitment,Reserved,4016.43,3.0575,12280.22,0,12280.22,USD,2025-10-06T00:00:00Z
BL-0000007,2025-11,2025-11-01,2025-11-30,GPU-001,TEAM-FMT,CTR-2025-101,Usage,Reserved,5760.0,4.6325,26683.2,9072.0,17611.2,USD,2025-11-07T00:00:00Z
BL-0000008,2025-11,2025-11-01,2025-11-30,GPU-001,TEAM-FMT,CTR-2025-101,UnusedCommitment,Reserved,3867.28,3.0575,11824.19,0,11824.19,USD,2025-11-07T00:00:00Z
BL-0000009,2025-12,2025-12-01,2025-12-31,GPU-001,TEAM-FMT,CTR-2025-101,Usage,Reserved,5952.0,4.6325,27572.64,9374.4,18198.24,USD,2025-12-08T00:00:00Z
BL-0000010,2025-12,2025-12-01,2025-12-31,GPU-001,TEAM-FMT,CTR-2025-101,UnusedCommitment,Reserved,3561.23,3.0575,10888.47,0,10888.47,USD,2025-12-08T00:00:00Z
BL-0000011,2026-01,2026-01-01,2026-01-31,GPU-001,TEAM-FMT,CTR-2025-101,Usage,Reserved,5952.0,4.6325,27572.64,9374.4,18198.24,USD,2026-01-09T00:00:00Z
BL-0000012,2026-01,2026-01-01,2026-01-31,GPU-001,TEAM-FMT,CTR-2025-101,UnusedCommitment,Reserved,3975.02,3.0575,12153.62,0,12153.62,USD,2026-01-09T00:00:00Z
BL-0000013,2026-02,2026-02-01,2026-02-28,GPU-001,TEAM-FMT,CTR-2025-101,Usage,Reserved,5376.0,4.6325,24904.32,8467.2,16437.12,USD,2026-02-06T00:00:00Z
BL-0000014,2026-02,2026-02-01,2026-02-28,GPU-001,TEAM-FMT,CTR-2025-101,UnusedCommitment,Reserved,3582.08,3.0575,10952.22,0,10952.22,USD,2026-02-06T00:00:00Z
BL-0000015,2026-03,2026-03-01,2026-03-31,GPU-001,TEAM-FMT,CTR-2025-101,Usage,Reserved,5952.0,4.6325,27572.64,9374.4,18198.24,USD,2026-03-09T00:00:00Z
BL-0000016,2026-03,2026-03-01,2026-03-31,GPU-001,TEAM-FMT,CTR-2025-101,UnusedCommitment,Reserved,3448.54,3.0575,10543.91,0,10543.91,USD,2026-03-09T00:00:00Z
BL-0000017,2026-05,2026-04-01,2026-04-30,GPU-001,TEAM-FMT,CTR-2025-101,Usage,Reserved,5760.0,4.6325,26683.2,9072.0,17611.2,USD,2026-05-06T00:00:00Z
BL-0000018,2026-05,2026-04-01,2026-04-30,GPU-001,TEAM-FMT,CTR-2025-101,UnusedCommitment,Reserved,3827.76,3.0575,11703.37,0,11703.37,USD,2026-05-06T00:00:00Z
BL-0000019,2026-05,2026-05-01,2026-05-31,GPU-001,,CTR-2025-101,Usage,Reserved,5952.0,4.6325,27572.64,9374.4,18198.24,USD,2026-05-07T00:00:00Z
BL-0000020,2026-05,2026-05-01,2026-05-31,GPU-001,,CTR-2025-101,UnusedCommitment,Reserved,3924.83,3.0575,12000.18,0,12000.18,USD,2026-05-07T00:00:00Z
BL-0000021,2026-06,2026-06-01,2026-06-30,GPU-001,TEAM-FMT,CTR-2025-101,Usage,Reserved,5760.0,4.6325,26683.2,9072.0,17611.2,USD,2026-06-14T00:00:00Z
BL-0000022,2026-06,2026-06-01,2026-06-30,GPU-001,TEAM-FMT,CTR-2025-101,UnusedCommitment,Reserved,3802.39,3.0575,11625.81,0,11625.81,USD,2026-06-14T00:00:00Z
BL-0000023,2026-07,2026-07-01,2026-07-31,GPU-001,TEAM-FMT,CTR-2025-101,Usage,Reserved,5952.0,4.6325,27572.64,9374.4,18198.24,USD,2026-07-12T00:00:00Z
BL-0000024,2026-07,2026-07-01,2026-07-31,GPU-001,TEAM-FMT,CTR-2025-101,UnusedCommitment,Reserved,3918.66,3.0575,11981.31,0,11981.31,USD,2026-07-12T00:00:00Z
BL-0000025,2025-08,2025-08-01,2025-08-31,GPU-002,TEAM-FMT,CTR-2024-102,Usage,SavingsPlan,11904.0,7.521,89529.98,21486.72,68043.26,USD,2025-08-11T00:00:00Z
BL-0000026,2025-08,2025-08-01,2025-08-31,GPU-002,TEAM-FMT,CTR-2024-102,UnusedCommitment,SavingsPlan,5761.06,5.716,32930.2,0,32930.2,USD,2025-08-11T00:00:00Z
BL-0000027,2025-09,2025-09-01,2025-09-30,GPU-002,TEAM-FMT,CTR-2024-102,Usage,SavingsPlan,11520.0,7.521,86641.92,20793.6,65848.32,USD,2025-09-14T00:00:00Z
BL-0000028,2025-09,2025-09-01,2025-09-30,GPU-002,TEAM-FMT,CTR-2024-102,UnusedCommitment,SavingsPlan,9139.48,5.716,52241.28,0,52241.28,USD,2025-09-14T00:00:00Z
BL-0000029,2025-10,2025-10-01,2025-10-31,GPU-002,TEAM-FMT,CTR-2024-102,Usage,SavingsPlan,11904.0,7.521,89529.98,21486.72,68043.26,USD,2025-10-08T00:00:00Z
BL-0000030,2025-10,2025-10-01,2025-10-31,GPU-002,TEAM-FMT,CTR-2024-102,UnusedCommitment,SavingsPlan,6441.36,5.716,36818.8,0,36818.8,USD,2025-10-08T00:00:00Z
BL-0000031,2025-11,2025-11-01,2025-11-30,GPU-002,TEAM-FMT,CTR-2024-102,Usage,SavingsPlan,11520.0,7.521,86641.92,20793.6,65848.32,USD,2025-11-07T00:00:00Z
BL-0000032,2025-11,2025-11-01,2025-11-30,GPU-002,TEAM-FMT,CTR-2024-102,UnusedCommitment,SavingsPlan,4541.86,5.716,25961.29,0,25961.29,USD,2025-11-07T00:00:00Z
BL-0000033,2025-12,2025-12-01,2025-12-31,GPU-002,TEAM-FMT,CTR-2024-102,Usage,SavingsPlan,11904.0,7.521,89529.98,21486.72,68043.26,USD,2025-12-08T00:00:00Z
BL-0000034,2025-12,2025-12-01,2025-12-31,GPU-002,TEAM-FMT,CTR-2024-102,UnusedCommitment,SavingsPlan,7570.11,5.716,43270.74,0,43270.74,USD,2025-12-08T00:00:00Z
BL-0000035,2026-01,2026-01-01,2026-01-31,GPU-002,TEAM-FMT,CTR-2024-102,Usage,SavingsPlan,11904.0,7.521,89529.98,21486.72,68043.26,USD,2026-01-13T00:00:00Z
BL-0000036,2026-01,2026-01-01,2026-01-31,GPU-002,TEAM-FMT,CTR-2024-102,UnusedCommitment,SavingsPlan,8396.58,5.716,47994.84,0,47994.84,USD,2026-01-13T00:00:00Z
BL-0000037,2026-02,2026-02-01,2026-02-28,GPU-002,TEAM-FMT,CTR-2024-102,Usage,SavingsPlan,10752.0,7.521,80865.79,19407.36,61458.43,USD,2026-02-06T00:00:00Z
BL-0000038,2026-02,2026-02-01,2026-02-28,GPU-002,TEAM-FMT,CTR-2024-102,UnusedCommitment,SavingsPlan,4116.2,5.716,23528.19,0,23528.19,USD,2026-02-06T00:00:00Z
BL-0000039,2026-03,2026-03-01,2026-03-31,GPU-002,TEAM-FMT,CTR-2024-102,Usage,SavingsPlan,11904.0,7.521,89529.98,21486.72,68043.26,USD,2026-03-12T00:00:00Z
BL-0000040,2026-03,2026-03-01,2026-03-31,GPU-002,TEAM-FMT,CTR-2024-102,UnusedCommitment,SavingsPlan,4523.73,5.716,25857.64,0,25857.64,USD,2026-03-12T00:00:00Z
BL-0000041,2026-05,2026-04-01,2026-04-30,GPU-002,TEAM-FMT,CTR-2024-102,Usage,SavingsPlan,11520.0,7.521,86641.92,20793.6,65848.32,USD,2026-05-10T00:00:00Z
BL-0000042,2026-05,2026-04-01,2026-04-30,GPU-002,TEAM-FMT,CTR-2024-102,UnusedCommitment,SavingsPlan,9020.76,5.716,51562.64,0,51562.64,USD,2026-05-10T00:00:00Z
BL-0000043,2026-05,2026-05-01,2026-05-31,GPU-002,TEAM-FMT,CTR-2024-102,Usage,SavingsPlan,11904.0,7.521,89529.98,21486.72,68043.26,USD,2026-05-11T00:00:00Z
BL-0000044,2026-05,2026-05-01,2026-05-31,GPU-002,TEAM-FMT,CTR-2024-102,UnusedCommitment,SavingsPlan,6456.32,5.716,36904.33,0,36904.33,USD,2026-05-11T00:00:00Z
BL-0000045,2026-06,2026-06-01,2026-06-30,GPU-002,TEAM-FMT,CTR-2024-102,Usage,SavingsPlan,11520.0,7.521,86641.92,20793.6,65848.32,USD,2026-06-07T00:00:00Z
BL-0000046,2026-06,2026-06-01,2026-06-30,GPU-002,TEAM-FMT,CTR-2024-102,UnusedCommitment,SavingsPlan,4121.26,5.716,23557.13,0,23557.13,USD,2026-06-07T00:00:00Z
BL-0000047,2026-07,2026-07-01,2026-07-31,GPU-002,TEAM-FMT,CTR-2024-102,Usage,SavingsPlan,11904.0,7.521,89529.98,21486.72,68043.26,USD,2026-07-13T00:00:00Z
BL-0000048,2026-07,2026-07-01,2026-07-31,GPU-002,TEAM-FMT,CTR-2024-102,UnusedCommitment,SavingsPlan,8067.33,5.716,46112.87,0,46112.87,USD,2026-07-13T00:00:00Z
BL-0000049,2025-09,2025-08-01,2025-08-31,GPU-003,TEAM-FMT,,Usage,OnDemand,8810.0,3.379,29768.99,0,29768.99,USD,2025-09-13T00:00:00Z
BL-0000050,2025-09,2025-09-01,2025-09-30,GPU-003,TEAM-FMT,,Usage,OnDemand,8535.0,3.379,28839.76,0,28839.76,USD,2025-09-09T00:00:00Z
BL-0000051,2025-10,2025-10-01,2025-10-31,GPU-003,TEAM-FMT,,Usage,OnDemand,17526.0,3.379,59220.35,0,59220.35,USD,2025-10-13T00:00:00Z
BL-0000052,2025-11,2025-11-01,2025-11-30,GPU-003,TEAM-FMT,,Usage,OnDemand,12394.0,3.379,41879.33,0,41879.33,USD,2025-11-10T00:00:00Z
BL-0000053,2026-01,2025-12-01,2025-12-31,GPU-003,TEAM-FMT,,Usage,OnDemand,7559.0,3.379,25541.86,0,25541.86,USD,2026-01-09T00:00:00Z
BL-0000054,2026-01,2026-01-01,2026-01-31,GPU-003,TEAM-FMT,,Usage,OnDemand,14242.0,3.379,48123.72,0,48123.72,USD,2026-01-11T00:00:00Z
BL-0000055,2026-02,2026-02-01,2026-02-28,GPU-003,TEAM-FMT,,Usage,OnDemand,15962.0,3.379,53935.6,0,53935.6,USD,2026-02-10T00:00:00Z
BL-0000056,2026-03,2026-03-01,2026-03-31,GPU-003,TEAM-FMT,,Usage,OnDemand,10649.0,3.379,35982.97,0,35982.97,USD,2026-03-10T00:00:00Z
BL-0000057,2026-04,2026-04-01,2026-04-30,GPU-003,TEAM-FMT,,Usage,OnDemand,8426.0,3.379,28471.45,0,28471.45,USD,2026-04-07T00:00:00Z
BL-0000058,2026-05,2026-05-01,2026-05-31,GPU-003,TEAM-FMT,,Usage,OnDemand,17893.0,3.379,60460.45,0,60460.45,USD,2026-05-14T00:00:00Z
BL-0000059,2026-06,2026-06-01,2026-06-30,GPU-003,TEAM-FMT,,Usage,OnDemand,13575.0,3.379,45869.93,0,45869.93,USD,2026-06-14T00:00:00Z
BL-0000060,2026-07,2026-07-01,2026-07-31,GPU-003,TEAM-FMT,,Usage,OnDemand,6606.0,3.379,22321.67,0,22321.67,USD,2026-07-08T00:00:00Z
BL-0000061,2025-08,2025-08-01,2025-08-31,GPU-004,TEAM-FMT,,Usage,Owned,5952.0,4.6325,27572.64,11580.21,15992.43,USD,2025-08-12T00:00:00Z
BL-0000062,2025-09,2025-09-01,2025-09-30,GPU-004,TEAM-FMT,,Usage,Owned,5760.0,4.6325,26683.2,11206.66,15476.54,USD,2025-09-14T00:00:00Z
BL-0000063,2025-10,2025-10-01,2025-10-31,GPU-004,TEAM-FMT,,Usage,Owned,5952.0,4.6325,27572.64,11580.21,15992.43,USD,2025-10-12T00:00:00Z
BL-0000064,2025-12,2025-11-01,2025-11-30,GPU-004,TEAM-FMT,,Usage,Owned,5760.0,4.6325,26683.2,11206.66,15476.54,USD,2025-12-07T00:00:00Z
BL-0000065,2025-12,2025-12-01,2025-12-31,GPU-004,TEAM-FMT,,Usage,Owned,5952.0,4.6325,27572.64,11580.21,15992.43,USD,2025-12-07T00:00:00Z
BL-0000066,2026-02,2025-12-01,2025-12-31,GPU-004,TEAM-FMT,,Adjustment,Owned,,,-554.63,0,-554.63,USD,2026-02-08T12:00:00Z
BL-0000067,2026-01,2026-01-01,2026-01-31,GPU-004,TEAM-FMT,,Usage,Owned,5952.0,4.6325,27572.64,11580.21,15992.43,USD,2026-01-09T00:00:00Z
BL-0000068,2026-03,2026-01-01,2026-01-31,GPU-004,TEAM-FMT,,Adjustment,Owned,,,-659.43,0,-659.43,USD,2026-03-08T12:00:00Z
BL-0000069,2026-02,2026-02-01,2026-02-28,GPU-004,TEAM-FMT,,Usage,Owned,5376.0,4.6325,24904.32,10459.55,14444.77,USD,2026-02-07T00:00:00Z
BL-0000070,2026-03,2026-03-01,2026-03-31,GPU-004,TEAM-FMT,,Usage,Owned,5952.0,4.6325,27572.64,11580.21,15992.43,USD,2026-03-09T00:00:00Z
BL-0000071,2026-05,2026-03-01,2026-03-31,GPU-004,TEAM-FMT,,Adjustment,Owned,,,47.81,0,47.81,USD,2026-05-08T12:00:00Z
BL-0000072,2026-04,2026-04-01,2026-04-30,GPU-004,TEAM-FMT,,Usage,Owned,5760.0,4.6325,26683.2,11206.66,15476.54,USD,2026-04-10T00:00:00Z
BL-0000073,2026-06,2026-04-01,2026-04-30,GPU-004,TEAM-FMT,,Adjustment,Owned,,,-575.58,0,-575.58,USD,2026-06-08T12:00:00Z
BL-0000074,2026-05,2026-05-01,2026-05-31,GPU-004,TEAM-FMT,,Usage,Owned,5952.0,4.6325,27572.64,11580.21,15992.43,USD,2026-05-11T00:00:00Z
BL-0000075,2026-06,2026-06-01,2026-06-30,GPU-004,TEAM-FMT,,Usage,Owned,5760.0,4.6325,26683.2,11206.66,15476.54,USD,2026-06-14T00:00:00Z
BL-0000076,2026-07,2026-07-01,2026-07-31,GPU-004,TEAM-FMT,,Usage,Owned,5952.0,4.6325,27572.64,11580.21,15992.43,USD,2026-07-12T00:00:00Z
BL-0000077,2026-09,2026-07-01,2026-07-31,GPU-004,TEAM-FMT,,Adjustment,Owned,,,-813.99,0,-813.99,USD,2026-09-08T12:00:00Z
BL-0000078,2025-08,2025-08-01,2025-08-31,GPU-005,TEAM-FMT,CTR-2025-105,Usage,Reserved,11904.0,7.521,89529.98,30439.72,59090.26,USD,2025-08-10T00:00:00Z
BL-0000079,2025-08,2025-08-01,2025-08-31,GPU-005,TEAM-FMT,CTR-2025-105,UnusedCommitment,Reserved,7470.31,4.9639,37081.86,0,37081.86,USD,2025-08-10T00:00:00Z
BL-0000080,2025-09,2025-09-01,2025-09-30,GPU-005,TEAM-FMT,CTR-2025-105,Usage,Reserved,11520.0,7.521,86641.92,29457.79,57184.13,USD,2025-09-14T00:00:00Z
BL-0000081,2025-09,2025-09-01,2025-09-30,GPU-005,TEAM-FMT,CTR-2025-105,UnusedCommitment,Reserved,7781.66,4.9639,38627.37,0,38627.37,USD,2025-09-14T00:00:00Z
BL-0000082,2025-10,2025-10-01,2025-10-31,GPU-005,TEAM-FMT,CTR-2025-105,Usage,Reserved,11904.0,7.521,89529.98,30439.72,59090.26,USD,2025-10-08T00:00:00Z
BL-0000083,2025-10,2025-10-01,2025-10-31,GPU-005,TEAM-FMT,CTR-2025-105,UnusedCommitment,Reserved,8023.35,4.9639,39827.11,0,39827.11,USD,2025-10-08T00:00:00Z
BL-0000084,2025-11,2025-11-01,2025-11-30,GPU-005,TEAM-FMT,CTR-2025-105,Usage,Reserved,11520.0,7.521,86641.92,29457.79,57184.13,USD,2025-11-11T00:00:00Z
BL-0000085,2025-11,2025-11-01,2025-11-30,GPU-005,TEAM-FMT,CTR-2025-105,UnusedCommitment,Reserved,7700.48,4.9639,38224.44,0,38224.44,USD,2025-11-11T00:00:00Z
BL-0000086,2025-12,2025-12-01,2025-12-31,GPU-005,TEAM-FMT,CTR-2025-105,Usage,Reserved,11904.0,7.521,89529.98,30439.72,59090.26,USD,2025-12-14T00:00:00Z
BL-0000087,2025-12,2025-12-01,2025-12-31,GPU-005,TEAM-FMT,CTR-2025-105,UnusedCommitment,Reserved,7086.0,4.9639,35174.21,0,35174.21,USD,2025-12-14T00:00:00Z
BL-0000088,2026-01,2026-01-01,2026-01-31,GPU-005,TEAM-FMT,CTR-2025-105,Usage,Reserved,11904.0,7.521,89529.98,30439.72,59090.26,USD,2026-01-07T00:00:00Z
BL-0000089,2026-01,2026-01-01,2026-01-31,GPU-005,TEAM-FMT,CTR-2025-105,UnusedCommitment,Reserved,7943.77,4.9639,39432.08,0,39432.08,USD,2026-01-07T00:00:00Z
BL-0000090,2026-02,2026-02-01,2026-02-28,GPU-005,TEAM-FMT,CTR-2025-105,Usage,Reserved,10752.0,7.521,80865.79,27493.94,53371.85,USD,2026-02-06T00:00:00Z
BL-0000091,2026-02,2026-02-01,2026-02-28,GPU-005,TEAM-FMT,CTR-2025-105,UnusedCommitment,Reserved,7166.76,4.9639,35575.1,0,35575.1,USD,2026-02-06T00:00:00Z
BL-0000092,2026-03,2026-03-01,2026-03-31,GPU-005,TEAM-FMT,CTR-2025-105,Usage,Reserved,11904.0,7.521,89529.98,30439.72,59090.26,USD,2026-03-08T00:00:00Z
BL-0000093,2026-03,2026-03-01,2026-03-31,GPU-005,TEAM-FMT,CTR-2025-105,UnusedCommitment,Reserved,6898.15,4.9639,34241.73,0,34241.73,USD,2026-03-08T00:00:00Z
BL-0000094,2026-04,2026-04-01,2026-04-30,GPU-005,TEAM-FMT,CTR-2025-105,Usage,Reserved,11520.0,7.521,86641.92,29457.79,57184.13,USD,2026-04-11T00:00:00Z
BL-0000095,2026-04,2026-04-01,2026-04-30,GPU-005,TEAM-FMT,CTR-2025-105,UnusedCommitment,Reserved,7638.11,4.9639,37914.81,0,37914.81,USD,2026-04-11T00:00:00Z
BL-0000096,2026-06,2026-05-01,2026-05-31,GPU-005,TEAM-FMT,CTR-2025-105,Usage,Reserved,11904.0,7.521,89529.98,30439.72,59090.26,USD,2026-06-10T00:00:00Z
BL-0000097,2026-06,2026-05-01,2026-05-31,GPU-005,TEAM-FMT,CTR-2025-105,UnusedCommitment,Reserved,7859.27,4.9639,39012.61,0,39012.61,USD,2026-06-10T00:00:00Z
BL-0000098,2026-07,2026-05-01,2026-05-31,GPU-005,TEAM-FMT,CTR-2025-105,Adjustment,Reserved,,,1726.37,0,1726.37,USD,2026-07-08T12:00:00Z
BL-0000099,2026-06,2026-06-01,2026-06-30,GPU-005,TEAM-FMT,CTR-2025-105,Usage,Reserved,11520.0,7.521,86641.92,29457.79,57184.13,USD,2026-06-06T00:00:00Z
BL-0000100,2026-06,2026-06-01,2026-06-30,GPU-005,TEAM-FMT,CTR-2025-105,UnusedCommitment,Reserved,7594.26,4.9639,37697.16,0,37697.16,USD,2026-06-06T00:00:00Z
BL-0000101,2026-08,2026-06-01,2026-06-30,GPU-005,TEAM-FMT,CTR-2025-105,Adjustment,Reserved,,,487.33,0,487.33,USD,2026-08-08T12:00:00Z
BL-0000102,2026-07,2026-07-01,2026-07-31,GPU-005,TEAM-FMT,CTR-2025-105,Usage,Reserved,11904.0,7.521,89529.98,30439.72,59090.26,USD,2026-07-12T00:00:00Z
BL-0000103,2026-07,2026-07-01,2026-07-31,GPU-005,TEAM-FMT,CTR-2025-105,UnusedCommitment,Reserved,7851.88,4.9639,38975.94,0,38975.94,USD,2026-07-12T00:00:00Z
BL-0000104,2025-08,2025-08-01,2025-08-31,GPU-006,TEAM-FMT,CTR-2024-106,Usage,SavingsPlan,23808.0,3.379,80447.23,19308.29,61138.94,USD,2025-08-14T00:00:00Z
BL-0000105,2025-08,2025-08-01,2025-08-31,GPU-006,TEAM-FMT,CTR-2024-106,UnusedCommitment,SavingsPlan,8920.81,2.568,22908.64,0,22908.64,USD,2025-08-14T00:00:00Z
BL-0000106,2025-10,2025-08-01,2025-08-31,GPU-006,TEAM-FMT,CTR-2024-106,Adjustment,SavingsPlan,,,-2416.68,0,-2416.68,USD,2025-10-08T12:00:00Z
BL-0000107,2025-09,2025-09-01,2025-09-30,GPU-006,TEAM-FMT,CTR-2024-106,Usage,SavingsPlan,23040.0,3.379,77852.16,18685.44,59166.72,USD,2025-09-12T00:00:00Z
BL-0000108,2025-09,2025-09-01,2025-09-30,GPU-006,TEAM-FMT,CTR-2024-106,UnusedCommitment,SavingsPlan,10310.99,2.568,26478.61,0,26478.61,USD,2025-09-12T00:00:00Z
BL-0000109,2025-10,2025-10-01,2025-10-31,GPU-006,TEAM-FMT,CTR-2024-106,Usage,SavingsPlan,23808.0,3.379,80447.23,19308.29,61138.94,USD,2025-10-13T00:00:00Z
BL-0000110,2025-10,2025-10-01,2025-10-31,GPU-006,TEAM-FMT,CTR-2024-106,UnusedCommitment,SavingsPlan,18208.68,2.568,46759.9,0,46759.9,USD,2025-10-13T00:00:00Z
BL-0000111,2025-11,2025-11-01,2025-11-30,GPU-006,TEAM-FMT,CTR-2024-106,Usage,SavingsPlan,23040.0,3.379,77852.16,18685.44,59166.72,USD,2025-11-14T00:00:00Z
BL-0000112,2025-11,2025-11-01,2025-11-30,GPU-006,TEAM-FMT,CTR-2024-106,UnusedCommitment,SavingsPlan,14723.15,2.568,37809.05,0,37809.05,USD,2025-11-14T00:00:00Z
BL-0000113,2025-12,2025-12-01,2025-12-31,GPU-006,TEAM-FMT,CTR-2024-106,Usage,SavingsPlan,23808.0,3.379,80447.23,19308.29,61138.94,USD,2025-12-08T00:00:00Z
BL-0000114,2025-12,2025-12-01,2025-12-31,GPU-006,TEAM-FMT,CTR-2024-106,UnusedCommitment,SavingsPlan,5414.01,2.568,13903.19,0,13903.19,USD,2025-12-08T00:00:00Z
BL-0000115,2026-01,2026-01-01,2026-01-31,GPU-006,TEAM-FMT,CTR-2024-106,Usage,SavingsPlan,23808.0,3.379,80447.23,19308.29,61138.94,USD,2026-01-12T00:00:00Z
BL-0000116,2026-01,2026-01-01,2026-01-31,GPU-006,TEAM-FMT,CTR-2024-106,UnusedCommitment,SavingsPlan,14742.02,2.568,37857.51,0,37857.51,USD,2026-01-12T00:00:00Z
BL-0000117,2026-02,2026-02-01,2026-02-28,GPU-006,TEAM-FMT,CTR-2024-106,Usage,SavingsPlan,21504.0,3.379,72662.02,17439.74,55222.28,USD,2026-02-13T00:00:00Z
BL-0000118,2026-02,2026-02-01,2026-02-28,GPU-006,TEAM-FMT,CTR-2024-106,UnusedCommitment,SavingsPlan,16719.74,2.568,42936.3,0,42936.3,USD,2026-02-13T00:00:00Z
BL-0000119,2026-03,2026-03-01,2026-03-31,GPU-006,TEAM-FMT,CTR-2024-106,Usage,SavingsPlan,23808.0,3.379,80447.23,19308.29,61138.94,USD,2026-03-08T00:00:00Z
BL-0000120,2026-03,2026-03-01,2026-03-31,GPU-006,TEAM-FMT,CTR-2024-106,UnusedCommitment,SavingsPlan,7610.67,2.568,19544.21,0,19544.21,USD,2026-03-08T00:00:00Z
BL-0000121,2026-04,2026-04-01,2026-04-30,GPU-006,TEAM-FMT,CTR-2024-106,Usage,SavingsPlan,23040.0,3.379,77852.16,18685.44,59166.72,USD,2026-04-11T00:00:00Z
BL-0000122,2026-04,2026-04-01,2026-04-30,GPU-006,TEAM-FMT,CTR-2024-106,UnusedCommitment,SavingsPlan,9434.5,2.568,24227.79,0,24227.79,USD,2026-04-11T00:00:00Z
BL-0000123,2026-05,2026-05-01,2026-05-31,GPU-006,TEAM-FMT,CTR-2024-106,Usage,SavingsPlan,23808.0,3.379,80447.23,19308.29,61138.94,USD,2026-05-11T00:00:00Z
BL-0000124,2026-05,2026-05-01,2026-05-31,GPU-006,TEAM-FMT,CTR-2024-106,UnusedCommitment,SavingsPlan,17767.54,2.568,45627.03,0,45627.03,USD,2026-05-11T00:00:00Z
BL-0000125,2026-06,2026-06-01,2026-06-30,GPU-006,TEAM-FMT,CTR-2024-106,Usage,SavingsPlan,23040.0,3.379,77852.16,18685.44,59166.72,USD,2026-06-08T00:00:00Z
BL-0000126,2026-06,2026-06-01,2026-06-30,GPU-006,TEAM-FMT,CTR-2024-106,UnusedCommitment,SavingsPlan,14849.92,2.568,38134.6,0,38134.6,USD,2026-06-08T00:00:00Z
BL-0000127,2026-07,2026-07-01,2026-07-31,GPU-006,TEAM-FMT,CTR-2024-106,Usage,SavingsPlan,23808.0,3.379,80447.23,19308.29,61138.94,USD,2026-07-06T00:00:00Z
BL-0000128,2026-07,2026-07-01,2026-07-31,GPU-006,TEAM-FMT,CTR-2024-106,UnusedCommitment,SavingsPlan,8287.22,2.568,21281.59,0,21281.59,USD,2026-07-06T00:00:00Z
BL-0000129,2025-08,2025-08-01,2025-08-31,GPU-007,TEAM-FMT,,Usage,OnDemand,5116.0,4.6325,23699.87,0,23699.87,USD,2025-08-13T00:00:00Z
BL-0000130,2025-09,2025-09-01,2025-09-30,GPU-007,TEAM-FMT,,Usage,OnDemand,2794.0,4.6325,12943.2,0,12943.2,USD,2025-09-14T00:00:00Z
BL-0000131,2025-10,2025-10-01,2025-10-31,GPU-007,TEAM-FMT,,Usage,OnDemand,1968.0,4.6325,9116.76,0,9116.76,USD,2025-10-14T00:00:00Z
BL-0000132,2025-11,2025-11-01,2025-11-30,GPU-007,TEAM-FMT,,Usage,OnDemand,4133.0,4.6325,19146.12,0,19146.12,USD,2025-11-10T00:00:00Z
BL-0000133,2025-12,2025-12-01,2025-12-31,GPU-007,TEAM-FMT,,Usage,OnDemand,4903.0,4.6325,22713.15,0,22713.15,USD,2025-12-07T00:00:00Z
BL-0000134,2026-01,2026-01-01,2026-01-31,GPU-007,TEAM-FMT,,Usage,OnDemand,1905.0,4.6325,8824.91,0,8824.91,USD,2026-01-06T00:00:00Z
BL-0000135,2026-02,2026-02-01,2026-02-28,GPU-007,TEAM-FMT,,Usage,OnDemand,2770.0,4.6325,12832.03,0,12832.03,USD,2026-02-11T00:00:00Z
BL-0000136,2026-03,2026-03-01,2026-03-31,GPU-007,TEAM-FMT,,Usage,OnDemand,5454.0,4.6325,25265.66,0,25265.66,USD,2026-03-13T00:00:00Z
BL-0000137,2026-04,2026-04-01,2026-04-30,GPU-007,TEAM-FMT,,Usage,OnDemand,3032.0,4.6325,14045.74,0,14045.74,USD,2026-04-13T00:00:00Z
BL-0000138,2026-05,2026-05-01,2026-05-31,GPU-007,TEAM-FMT,,Usage,OnDemand,1958.0,4.6325,9070.44,0,9070.44,USD,2026-05-10T00:00:00Z
BL-0000139,2026-06,2026-06-01,2026-06-30,GPU-007,TEAM-FMT,,Usage,OnDemand,4186.0,4.6325,19391.65,0,19391.65,USD,2026-06-07T00:00:00Z
BL-0000140,2026-07,2026-07-01,2026-07-31,GPU-007,TEAM-FMT,,Usage,OnDemand,4454.0,4.6325,20633.16,0,20633.16,USD,2026-07-08T00:00:00Z
BL-0000141,2025-08,2025-08-01,2025-08-31,GPU-008,TEAM-FMT,,Usage,Owned,11904.0,7.521,89529.98,37602.36,51927.62,USD,2025-08-11T00:00:00Z
BL-0000142,2025-09,2025-09-01,2025-09-30,GPU-008,TEAM-FMT,,Usage,Owned,11520.0,7.521,86641.92,36389.38,50252.54,USD,2025-09-07T00:00:00Z
BL-0000143,2025-10,2025-10-01,2025-10-31,GPU-008,TEAM-FMT,,Usage,Owned,11904.0,7.521,89529.98,37602.36,51927.62,USD,2025-10-13T00:00:00Z
BL-0000144,2025-11,2025-11-01,2025-11-30,GPU-008,TEAM-FMT,,Usage,Owned,11520.0,7.521,86641.92,36389.38,50252.54,USD,2025-11-06T00:00:00Z
BL-0000145,2026-01,2025-11-01,2025-11-30,GPU-008,TEAM-FMT,,Adjustment,Owned,,,1776.91,0,1776.91,USD,2026-01-08T12:00:00Z
BL-0000146,2025-12,2025-12-01,2025-12-31,GPU-008,TEAM-FMT,,Usage,Owned,11904.0,7.521,89529.98,37602.36,51927.62,USD,2025-12-14T00:00:00Z
BL-0000147,2026-02,2026-01-01,2026-01-31,GPU-008,TEAM-FMT,,Usage,Owned,11904.0,7.521,89529.98,37602.36,51927.62,USD,2026-02-06T00:00:00Z
BL-0000148,2026-02,2026-02-01,2026-02-28,GPU-008,TEAM-FMT,,Usage,Owned,10752.0,7.521,80865.79,33963.42,46902.37,USD,2026-02-08T00:00:00Z
BL-0000149,2026-03,2026-03-01,2026-03-31,GPU-008,TEAM-FMT,,Usage,Owned,11904.0,7.521,89529.98,37602.36,51927.62,USD,2026-03-07T00:00:00Z
BL-0000150,2026-04,2026-04-01,2026-04-30,GPU-008,TEAM-FMT,,Usage,Owned,11520.0,7.521,86641.92,36389.38,50252.54,USD,2026-04-08T00:00:00Z
BL-0000151,2026-05,2026-05-01,2026-05-31,GPU-008,TEAM-FMT,,Usage,Owned,11904.0,7.521,89529.98,37602.36,51927.62,USD,2026-05-13T00:00:00Z
BL-0000152,2026-06,2026-06-01,2026-06-30,GPU-008,TEAM-FMT,,Usage,Owned,11520.0,7.521,86641.92,36389.38,50252.54,USD,2026-06-08T00:00:00Z
BL-0000153,2026-07,2026-07-01,2026-07-31,GPU-008,TEAM-FMT,,Usage,Owned,11904.0,7.521,89529.98,37602.36,51927.62,USD,2026-07-09T00:00:00Z
BL-0000154,2025-08,2025-08-01,2025-08-31,GPU-009,TEAM-SRCH,CTR-2025-109,Usage,Reserved,11904.0,2.3435,27897.02,9485.11,18411.91,USD,2025-08-08T00:00:00Z
BL-0000155,2025-08,2025-08-01,2025-08-31,GPU-009,TEAM-SRCH,CTR-2025-109,UnusedCommitment,Reserved,8056.89,1.5467,12461.59,0,12461.59,USD,2025-08-08T00:00:00Z
BL-0000156,2025-09,2025-09-01,2025-09-30,gpu_009,TEAM-SRCH,CTR-2025-109,Usage,Reserved,11520.0,2.3435,26997.12,9179.14,17817.98,USD,2025-09-09T00:00:00Z
BL-0000157,2025-09,2025-09-01,2025-09-30,gpu_009,TEAM-SRCH,CTR-2025-109,UnusedCommitment,Reserved,7757.25,1.5467,11998.14,0,11998.14,USD,2025-09-09T00:00:00Z
BL-0000158,2025-10,2025-10-01,2025-10-31,GPU-009,TEAM-SRCH,CTR-2025-109,Usage,Reserved,11904.0,2.3435,27897.02,9485.11,18411.91,USD,2025-10-06T00:00:00Z
BL-0000159,2025-10,2025-10-01,2025-10-31,GPU-009,TEAM-SRCH,CTR-2025-109,UnusedCommitment,Reserved,7936.42,1.5467,12275.26,0,12275.26,USD,2025-10-06T00:00:00Z
BL-0000160,2025-11,2025-11-01,2025-11-30,GPU-009,TEAM-SRCH,CTR-2025-109,Usage,Reserved,11520.0,2.3435,26997.12,9179.14,17817.98,USD,2025-11-14T00:00:00Z
BL-0000161,2025-11,2025-11-01,2025-11-30,GPU-009,TEAM-SRCH,CTR-2025-109,UnusedCommitment,Reserved,7578.12,1.5467,11721.07,0,11721.07,USD,2025-11-14T00:00:00Z
BL-0000162,2025-12,2025-12-01,2025-12-31,GPU-009,TEAM-SRCH,CTR-2025-109,Usage,Reserved,11904.0,2.3435,27897.02,9485.11,18411.91,USD,2025-12-10T00:00:00Z
BL-0000163,2025-12,2025-12-01,2025-12-31,GPU-009,TEAM-SRCH,CTR-2025-109,UnusedCommitment,Reserved,7794.43,1.5467,12055.65,0,12055.65,USD,2025-12-10T00:00:00Z
BL-0000164,2026-01,2026-01-01,2026-01-31,GPU-009,TEAM-SRCH,CTR-2025-109,Usage,Reserved,11904.0,2.3435,27897.02,9485.11,18411.91,USD,2026-01-10T00:00:00Z
BL-0000165,2026-01,2026-01-01,2026-01-31,GPU-009,TEAM-SRCH,CTR-2025-109,UnusedCommitment,Reserved,7700.69,1.5467,11910.65,0,11910.65,USD,2026-01-10T00:00:00Z
BL-0000166,2026-02,2026-02-01,2026-02-28,GPU-009,TEAM-SRCH,CTR-2025-109,Usage,Reserved,10752.0,2.3435,25197.31,8567.19,16630.12,USD,2026-02-10T00:00:00Z
BL-0000167,2026-02,2026-02-01,2026-02-28,GPU-009,TEAM-SRCH,CTR-2025-109,UnusedCommitment,Reserved,7437.8,1.5467,11504.04,0,11504.04,USD,2026-02-10T00:00:00Z
BL-0000168,2026-03,2026-03-01,2026-03-31,GPU-009,,CTR-2025-109,Usage,Reserved,11904.0,2.3435,27897.02,9485.11,18411.91,USD,2026-03-06T00:00:00Z
BL-0000169,2026-03,2026-03-01,2026-03-31,GPU-009,,CTR-2025-109,UnusedCommitment,Reserved,8153.44,1.5467,12610.92,0,12610.92,USD,2026-03-06T00:00:00Z
BL-0000170,2026-04,2026-04-01,2026-04-30,GPU-009,TEAM-SRCH,CTR-2025-109,Usage,Reserved,11520.0,2.3435,26997.12,9179.14,17817.98,USD,2026-04-11T00:00:00Z
BL-0000171,2026-04,2026-04-01,2026-04-30,GPU-009,TEAM-SRCH,CTR-2025-109,UnusedCommitment,Reserved,7848.55,1.5467,12139.35,0,12139.35,USD,2026-04-11T00:00:00Z
BL-0000172,2026-05,2026-05-01,2026-05-31,GPU-009,TEAM-SRCH,CTR-2025-109,Usage,Reserved,11904.0,2.3435,27897.02,9485.11,18411.91,USD,2026-05-13T00:00:00Z
BL-0000173,2026-05,2026-05-01,2026-05-31,GPU-009,TEAM-SRCH,CTR-2025-109,UnusedCommitment,Reserved,8036.48,1.5467,12430.02,0,12430.02,USD,2026-05-13T00:00:00Z
BL-0000174,2026-07,2026-06-01,2026-06-30,GPU-009,TEAM-SRCH,CTR-2025-109,Usage,Reserved,11520.0,2.3435,26997.12,9179.14,17817.98,USD,2026-07-12T00:00:00Z
BL-0000175,2026-07,2026-06-01,2026-06-30,GPU-009,TEAM-SRCH,CTR-2025-109,UnusedCommitment,Reserved,7716.68,1.5467,11935.39,0,11935.39,USD,2026-07-12T00:00:00Z
BL-0000176,2026-07,2026-07-01,2026-07-31,GPU-009,TEAM-SRCH,CTR-2025-109,Usage,Reserved,11904.0,2.3435,27897.02,9485.11,18411.91,USD,2026-07-10T00:00:00Z
BL-0000177,2026-07,2026-07-01,2026-07-31,GPU-009,TEAM-SRCH,CTR-2025-109,UnusedCommitment,Reserved,7900.66,1.5467,12219.95,0,12219.95,USD,2026-07-10T00:00:00Z
BL-0000178,2025-08,2025-08-01,2025-08-31,GPU-010,TEAM-SRCH,CTR-2024-110,Usage,SavingsPlan,23808.0,3.379,80447.23,19308.29,61138.94,USD,2025-08-09T00:00:00Z
BL-0000179,2025-08,2025-08-01,2025-08-31,GPU-010,TEAM-SRCH,CTR-2024-110,UnusedCommitment,SavingsPlan,15400.73,2.568,39549.07,0,39549.07,USD,2025-08-09T00:00:00Z
BL-0000180,2025-09,2025-09-01,2025-09-30,GPU-010,TEAM-SRCH,CTR-2024-110,Usage,SavingsPlan,23040.0,3.379,77852.16,18685.44,59166.72,USD,2025-09-10T00:00:00Z
BL-0000181,2025-09,2025-09-01,2025-09-30,GPU-010,TEAM-SRCH,CTR-2024-110,UnusedCommitment,SavingsPlan,14613.04,2.568,37526.28,0,37526.28,USD,2025-09-10T00:00:00Z
BL-0000182,2025-10,2025-10-01,2025-10-31,GPU-010,TEAM-SRCH,CTR-2024-110,Usage,SavingsPlan,23808.0,3.379,80447.23,19308.29,61138.94,USD,2025-10-14T00:00:00Z
BL-0000183,2025-10,2025-10-01,2025-10-31,GPU-010,TEAM-SRCH,CTR-2024-110,UnusedCommitment,SavingsPlan,14909.26,2.568,38286.99,0,38286.99,USD,2025-10-14T00:00:00Z
BL-0000184,2025-11,2025-11-01,2025-11-30,GPU-010,TEAM-SRCH,CTR-2024-110,Usage,SavingsPlan,23040.0,3.379,77852.16,18685.44,59166.72,USD,2025-11-11T00:00:00Z
BL-0000185,2025-11,2025-11-01,2025-11-30,GPU-010,TEAM-SRCH,CTR-2024-110,UnusedCommitment,SavingsPlan,14374.93,2.568,36914.82,0,36914.82,USD,2025-11-11T00:00:00Z
BL-0000186,2025-12,2025-12-01,2025-12-31,GPU-010,TEAM-SRCH,CTR-2024-110,Usage,SavingsPlan,23808.0,3.379,80447.23,19308.29,61138.94,USD,2025-12-12T00:00:00Z
BL-0000187,2025-12,2025-12-01,2025-12-31,GPU-010,TEAM-SRCH,CTR-2024-110,UnusedCommitment,SavingsPlan,14608.96,2.568,37515.82,0,37515.82,USD,2025-12-12T00:00:00Z
BL-0000188,2026-01,2026-01-01,2026-01-31,GPU-010,TEAM-SRCH,CTR-2024-110,Usage,SavingsPlan,23808.0,3.379,80447.23,19308.29,61138.94,USD,2026-01-06T00:00:00Z
BL-0000189,2026-01,2026-01-01,2026-01-31,GPU-010,TEAM-SRCH,CTR-2024-110,UnusedCommitment,SavingsPlan,14487.78,2.568,37204.61,0,37204.61,USD,2026-01-06T00:00:00Z
BL-0000190,2026-03,2026-02-01,2026-02-28,GPU-010,TEAM-SRCH,CTR-2024-110,Usage,SavingsPlan,21504.0,3.379,72662.02,17439.74,55222.28,USD,2026-03-11T00:00:00Z
BL-0000191,2026-03,2026-02-01,2026-02-28,GPU-010,TEAM-SRCH,CTR-2024-110,UnusedCommitment,SavingsPlan,14105.16,2.568,36222.04,0,36222.04,USD,2026-03-11T00:00:00Z
BL-0000192,2026-03,2026-03-01,2026-03-31,GPU-010,,CTR-2024-110,Usage,SavingsPlan,23808.0,3.379,80447.23,19308.29,61138.94,USD,2026-03-06T00:00:00Z
BL-0000193,2026-03,2026-03-01,2026-03-31,GPU-010,,CTR-2024-110,UnusedCommitment,SavingsPlan,15492.36,2.568,39784.38,0,39784.38,USD,2026-03-06T00:00:00Z
BL-0000194,2026-04,2026-04-01,2026-04-30,GPU-010,TEAM-SRCH,CTR-2024-110,Usage,SavingsPlan,23040.0,3.379,77852.16,18685.44,59166.72,USD,2026-04-08T00:00:00Z
BL-0000195,2026-04,2026-04-01,2026-04-30,GPU-010,TEAM-SRCH,CTR-2024-110,UnusedCommitment,SavingsPlan,14837.75,2.568,38103.33,0,38103.33,USD,2026-04-08T00:00:00Z
BL-0000196,2026-05,2026-05-01,2026-05-31,GPU-010,TEAM-SRCH,CTR-2024-110,Usage,SavingsPlan,23808.0,3.379,80447.23,19308.29,61138.94,USD,2026-05-12T00:00:00Z
BL-0000197,2026-05,2026-05-01,2026-05-31,GPU-010,TEAM-SRCH,CTR-2024-110,UnusedCommitment,SavingsPlan,15301.53,2.568,39294.34,0,39294.34,USD,2026-05-12T00:00:00Z
BL-0000198,2026-06,2026-06-01,2026-06-30,GPU-010,TEAM-SRCH,CTR-2024-110,Usage,SavingsPlan,23040.0,3.379,77852.16,18685.44,59166.72,USD,2026-06-14T00:00:00Z
BL-0000199,2026-06,2026-06-01,2026-06-30,GPU-010,TEAM-SRCH,CTR-2024-110,UnusedCommitment,SavingsPlan,14538.39,2.568,37334.58,0,37334.58,USD,2026-06-14T00:00:00Z
BL-0000200,2026-07,2026-07-01,2026-07-31,GPU-010,TEAM-SRCH,CTR-2024-110,Usage,SavingsPlan,23808.0,3.379,80447.23,19308.29,61138.94,USD,2026-07-07T00:00:00Z
BL-0000201,2026-07,2026-07-01,2026-07-31,GPU-010,TEAM-SRCH,CTR-2024-110,UnusedCommitment,SavingsPlan,14815.71,2.568,38046.74,0,38046.74,USD,2026-07-07T00:00:00Z
BL-0000202,2025-09,2025-08-01,2025-08-31,GPU-011,TEAM-SRCH,,Usage,OnDemand,2869.0,7.521,21577.75,0,21577.75,USD,2025-09-10T00:00:00Z
BL-0000203,2025-09,2025-09-01,2025-09-30,GPU-011,TEAM-SRCH,,Usage,OnDemand,2838.0,7.521,21344.6,0,21344.6,USD,2025-09-11T00:00:00Z
BL-0000204,2025-11,2025-09-01,2025-09-30,GPU-011,TEAM-SRCH,,Adjustment,OnDemand,,,49.76,0,49.76,USD,2025-11-08T12:00:00Z
BL-0000205,2025-10,2025-10-01,2025-10-31,GPU-011,,,Usage,OnDemand,2985.0,7.521,22450.19,0,22450.19,USD,2025-10-07T00:00:00Z
BL-0000206,2025-11,2025-11-01,2025-11-30,GPU-011,TEAM-SRCH,,Usage,OnDemand,2913.0,7.521,21908.67,0,21908.67,USD,2025-11-08T00:00:00Z
BL-0000207,2026-01,2025-12-01,2025-12-31,GPU-011,TEAM-SRCH,,Usage,OnDemand,3085.0,7.521,23202.28,0,23202.28,USD,2026-01-13T00:00:00Z
BL-0000208,2026-01,2026-01-01,2026-01-31,GPU-011,TEAM-SRCH,,Usage,OnDemand,3112.0,7.521,23405.35,0,23405.35,USD,2026-01-12T00:00:00Z
BL-0000209,2026-02,2026-02-01,2026-02-28,GPU-011,,,Usage,OnDemand,2503.0,7.521,18825.06,0,18825.06,USD,2026-02-13T00:00:00Z
BL-0000210,2026-03,2026-03-01,2026-03-31,GPU-011,TEAM-SRCH,,Usage,OnDemand,2825.0,7.521,21246.83,0,21246.83,USD,2026-03-08T00:00:00Z
BL-0000211,2026-04,2026-04-01,2026-04-30,GPU-011,TEAM-SRCH,,Usage,OnDemand,2763.0,7.521,20780.52,0,20780.52,USD,2026-04-10T00:00:00Z
BL-0000212,2026-05,2026-05-01,2026-05-31,GPU-011,TEAM-SRCH,,Usage,OnDemand,2882.0,7.521,21675.52,0,21675.52,USD,2026-05-06T00:00:00Z
BL-0000213,2026-06,2026-06-01,2026-06-30,GPU-011,TEAM-SRCH,,Usage,OnDemand,2864.0,7.521,21540.14,0,21540.14,USD,2026-06-14T00:00:00Z
BL-0000214,2026-07,2026-07-01,2026-07-31,GPU-011,TEAM-SRCH,,Usage,OnDemand,2994.0,7.521,22517.87,0,22517.87,USD,2026-07-09T00:00:00Z
BL-0000215,2025-08,2025-08-01,2025-08-31,GPU-012,TEAM-SRCH,,Usage,Owned,11904.0,4.6325,55145.28,23160.42,31984.86,USD,2025-08-09T00:00:00Z
BL-0000216,2025-10,2025-09-01,2025-09-30,GPU-012,TEAM-SRCH,,Usage,Owned,11520.0,4.6325,53366.4,22413.31,30953.09,USD,2025-10-07T00:00:00Z
BL-0000217,2025-10,2025-10-01,2025-10-31,GPU-012,,,Usage,Owned,11904.0,4.6325,55145.28,23160.42,31984.86,USD,2025-10-08T00:00:00Z
BL-0000218,2025-11,2025-11-01,2025-11-30,GPU-012,TEAM-SRCH,,Usage,Owned,11520.0,4.6325,53366.4,22413.31,30953.09,USD,2025-11-07T00:00:00Z
BL-0000219,2025-12,2025-12-01,2025-12-31,GPU-012,TEAM-SRCH,,Usage,Owned,11904.0,4.6325,55145.28,23160.42,31984.86,USD,2025-12-10T00:00:00Z
BL-0000220,2026-01,2026-01-01,2026-01-31,GPU-012,TEAM-SRCH,,Usage,Owned,11904.0,4.6325,55145.28,23160.42,31984.86,USD,2026-01-12T00:00:00Z
BL-0000221,2026-02,2026-02-01,2026-02-28,GPU-012,TEAM-SRCH,,Usage,Owned,10752.0,4.6325,49808.64,20919.09,28889.55,USD,2026-02-14T00:00:00Z
BL-0000222,2026-03,2026-03-01,2026-03-31,GPU-012,TEAM-SRCH,,Usage,Owned,11904.0,4.6325,55145.28,23160.42,31984.86,USD,2026-03-11T00:00:00Z
BL-0000223,2026-05,2026-03-01,2026-03-31,GPU-012,TEAM-SRCH,,Adjustment,Owned,,,-1896.31,0,-1896.31,USD,2026-05-08T12:00:00Z
BL-0000224,2026-04,2026-04-01,2026-04-30,GPU-012,TEAM-SRCH,,Usage,Owned,11520.0,4.6325,53366.4,22413.31,30953.09,USD,2026-04-10T00:00:00Z
BL-0000225,2026-06,2026-05-01,2026-05-31,GPU-012,TEAM-SRCH,,Usage,Owned,11904.0,4.6325,55145.28,23160.42,31984.86,USD,2026-06-10T00:00:00Z
BL-0000226,2026-06,2026-06-01,2026-06-30,GPU-012,TEAM-SRCH,,Usage,Owned,11520.0,4.6325,53366.4,22413.31,30953.09,USD,2026-06-10T00:00:00Z
BL-0000227,2026-07,2026-07-01,2026-07-31,GPU-012,TEAM-SRCH,,Usage,Owned,11904.0,4.6325,55145.28,23160.42,31984.86,USD,2026-07-13T00:00:00Z
BL-0000228,2025-08,2025-08-01,2025-08-31,GPU-013,TEAM-SRCH,CTR-2025-113,Usage,Reserved,23808.0,2.3435,55794.05,18970.21,36823.84,USD,2025-08-07T00:00:00Z
BL-0000229,2025-08,2025-08-01,2025-08-31,GPU-013,TEAM-SRCH,CTR-2025-113,UnusedCommitment,Reserved,15333.22,1.5467,23715.89,0,23715.89,USD,2025-08-07T00:00:00Z
BL-0000230,2025-09,2025-09-01,2025-09-30,GPU-013,TEAM-SRCH,CTR-2025-113,Usage,Reserved,23040.0,2.3435,53994.24,18358.27,35635.97,USD,2025-09-11T00:00:00Z
BL-0000231,2025-09,2025-09-01,2025-09-30,GPU-013,TEAM-SRCH,CTR-2025-113,UnusedCommitment,Reserved,14607.38,1.5467,22593.23,0,22593.23,USD,2025-09-11T00:00:00Z
BL-0000232,2025-10,2025-10-01,2025-10-31,GPU-013,TEAM-SRCH,CTR-2025-113,Usage,Reserved,23808.0,2.3435,55794.05,18970.21,36823.84,USD,2025-10-12T00:00:00Z
BL-0000233,2025-10,2025-10-01,2025-10-31,GPU-013,TEAM-SRCH,CTR-2025-113,UnusedCommitment,Reserved,14908.74,1.5467,23059.35,0,23059.35,USD,2025-10-12T00:00:00Z
BL-0000234,2025-12,2025-11-01,2025-11-30,GPU-013,TEAM-SRCH,CTR-2025-113,Usage,Reserved,23040.0,2.3435,53994.24,18358.27,35635.97,USD,2025-12-08T00:00:00Z
BL-0000235,2025-12,2025-11-01,2025-11-30,GPU-013,TEAM-SRCH,CTR-2025-113,UnusedCommitment,Reserved,14387.7,1.5467,22253.45,0,22253.45,USD,2025-12-08T00:00:00Z
BL-0000236,2025-12,2025-12-01,2025-12-31,GPU-013,TEAM-SRCH,CTR-2025-113,Usage,Reserved,23808.0,2.3435,55794.05,18970.21,36823.84,USD,2025-12-12T00:00:00Z
BL-0000237,2025-12,2025-12-01,2025-12-31,GPU-013,TEAM-SRCH,CTR-2025-113,UnusedCommitment,Reserved,14623.04,1.5467,22617.46,0,22617.46,USD,2025-12-12T00:00:00Z
BL-0000238,2026-01,2026-01-01,2026-01-31,GPU-013,TEAM-SRCH,CTR-2025-113,Usage,Reserved,23808.0,2.3435,55794.05,18970.21,36823.84,USD,2026-01-11T00:00:00Z
BL-0000239,2026-01,2026-01-01,2026-01-31,GPU-013,TEAM-SRCH,CTR-2025-113,UnusedCommitment,Reserved,14484.52,1.5467,22403.21,0,22403.21,USD,2026-01-11T00:00:00Z
BL-0000240,2026-03,2026-01-01,2026-01-31,GPU-013,TEAM-SRCH,CTR-2025-113,Adjustment,Reserved,,,1304.47,0,1304.47,USD,2026-03-08T12:00:00Z
BL-0000241,2026-03,2026-02-01,2026-02-28,GPU-013,TEAM-SRCH,CTR-2025-113,Usage,Reserved,21504.0,2.3435,50394.62,17134.39,33260.23,USD,2026-03-14T00:00:00Z
BL-0000242,2026-03,2026-02-01,2026-02-28,GPU-013,TEAM-SRCH,CTR-2025-113,UnusedCommitment,Reserved,14095.79,1.5467,21801.96,0,21801.96,USD,2026-03-14T00:00:00Z
BL-0000243,2026-03,2026-03-01,2026-03-31,GPU-013,TEAM-SRCH,CTR-2025-113,Usage,Reserved,23808.0,2.3435,55794.05,18970.21,36823.84,USD,2026-03-12T00:00:00Z
BL-0000244,2026-03,2026-03-01,2026-03-31,GPU-013,TEAM-SRCH,CTR-2025-113,UnusedCommitment,Reserved,15513.74,1.5467,23995.1,0,23995.1,USD,2026-03-12T00:00:00Z
BL-0000245,2026-04,2026-04-01,2026-04-30,GPU-013,TEAM-SRCH,CTR-2025-113,Usage,Reserved,23040.0,2.3435,53994.24,18358.27,35635.97,USD,2026-04-10T00:00:00Z
BL-0000246,2026-04,2026-04-01,2026-04-30,GPU-013,TEAM-SRCH,CTR-2025-113,UnusedCommitment,Reserved,14857.35,1.5467,22979.86,0,22979.86,USD,2026-04-10T00:00:00Z
BL-0000247,2026-05,2026-05-01,2026-05-31,GPU-013,TEAM-SRCH,CTR-2025-113,Usage,Reserved,23808.0,2.3435,55794.05,18970.21,36823.84,USD,2026-05-10T00:00:00Z
BL-0000248,2026-05,2026-05-01,2026-05-31,GPU-013,TEAM-SRCH,CTR-2025-113,UnusedCommitment,Reserved,15294.62,1.5467,23656.19,0,23656.19,USD,2026-05-10T00:00:00Z
BL-0000249,2026-07,2026-06-01,2026-06-30,GPU-013,TEAM-SRCH,CTR-2025-113,Usage,Reserved,23040.0,2.3435,53994.24,18358.27,35635.97,USD,2026-07-09T00:00:00Z
BL-0000250,2026-07,2026-06-01,2026-06-30,GPU-013,TEAM-SRCH,CTR-2025-113,UnusedCommitment,Reserved,14554.79,1.5467,22511.89,0,22511.89,USD,2026-07-09T00:00:00Z
BL-0000251,2026-07,2026-07-01,2026-07-31,GPU-013,TEAM-SRCH,CTR-2025-113,Usage,Reserved,23808.0,2.3435,55794.05,18970.21,36823.84,USD,2026-07-13T00:00:00Z
BL-0000252,2026-07,2026-07-01,2026-07-31,GPU-013,TEAM-SRCH,CTR-2025-113,UnusedCommitment,Reserved,14854.99,1.5467,22976.21,0,22976.21,USD,2026-07-13T00:00:00Z
BL-0000253,2026-09,2026-07-01,2026-07-31,GPU-013,TEAM-SRCH,CTR-2025-113,Adjustment,Reserved,,,1140.83,0,1140.83,USD,2026-09-08T12:00:00Z
BL-0000254,2025-08,2025-08-01,2025-08-31,GPU-014,TEAM-SRCH,CTR-2024-114,Usage,SavingsPlan,5952.0,3.379,20111.81,4827.07,15284.74,USD,2025-08-06T00:00:00Z
BL-0000255,2025-08,2025-08-01,2025-08-31,GPU-014,TEAM-SRCH,CTR-2024-114,UnusedCommitment,SavingsPlan,4023.38,2.568,10332.04,0,10332.04,USD,2025-08-06T00:00:00Z
BL-0000256,2025-09,2025-09-01,2025-09-30,GPU-014,TEAM-SRCH,CTR-2024-114,Usage,SavingsPlan,5760.0,3.379,19463.04,4671.36,14791.68,USD,2025-09-14T00:00:00Z
BL-0000257,2025-09,2025-09-01,2025-09-30,GPU-014,TEAM-SRCH,CTR-2024-114,UnusedCommitment,SavingsPlan,3876.0,2.568,9953.57,0,9953.57,USD,2025-09-14T00:00:00Z
BL-0000258,2025-10,2025-10-01,2025-10-31,GPU-014,TEAM-SRCH,CTR-2024-114,Usage,SavingsPlan,5952.0,3.379,20111.81,4827.07,15284.74,USD,2025-10-07T00:00:00Z
BL-0000259,2025-10,2025-10-01,2025-10-31,GPU-014,TEAM-SRCH,CTR-2024-114,UnusedCommitment,SavingsPlan,3973.17,2.568,10203.09,0,10203.09,USD,2025-10-07T00:00:00Z
BL-0000260,2025-11,2025-11-01,2025-11-30,GPU-014,TEAM-SRCH,CTR-2024-114,Usage,SavingsPlan,5760.0,3.379,19463.04,4671.36,14791.68,USD,2025-11-07T00:00:00Z
BL-0000261,2025-11,2025-11-01,2025-11-30,GPU-014,TEAM-SRCH,CTR-2024-114,UnusedCommitment,SavingsPlan,3796.26,2.568,9748.8,0,9748.8,USD,2025-11-07T00:00:00Z
BL-0000262,2025-12,2025-12-01,2025-12-31,GPU-014,TEAM-SRCH,CTR-2024-114,Usage,SavingsPlan,5952.0,3.379,20111.81,4827.07,15284.74,USD,2025-12-06T00:00:00Z
BL-0000263,2025-12,2025-12-01,2025-12-31,GPU-014,TEAM-SRCH,CTR-2024-114,UnusedCommitment,SavingsPlan,3895.27,2.568,10003.05,0,10003.05,USD,2025-12-06T00:00:00Z
BL-0000264,2026-01,2026-01-01,2026-01-31,GPU-014,TEAM-SRCH,CTR-2024-114,Usage,SavingsPlan,5952.0,3.379,20111.81,4827.07,15284.74,USD,2026-01-09T00:00:00Z
BL-0000265,2026-01,2026-01-01,2026-01-31,GPU-014,TEAM-SRCH,CTR-2024-114,UnusedCommitment,SavingsPlan,3848.49,2.568,9882.93,0,9882.93,USD,2026-01-09T00:00:00Z
BL-0000266,2026-02,2026-02-01,2026-02-28,GPU-014,TEAM-SRCH,CTR-2024-114,Usage,SavingsPlan,5376.0,3.379,18165.5,4359.94,13805.56,USD,2026-02-11T00:00:00Z
BL-0000267,2026-02,2026-02-01,2026-02-28,GPU-014,TEAM-SRCH,CTR-2024-114,UnusedCommitment,SavingsPlan,3707.63,2.568,9521.2,0,9521.2,USD,2026-02-11T00:00:00Z
BL-0000268,2026-03,2026-03-01,2026-03-31,GPU-014,TEAM-SRCH,CTR-2024-114,Usage,SavingsPlan,5952.0,3.379,20111.81,4827.07,15284.74,USD,2026-03-11T00:00:00Z
BL-0000269,2026-03,2026-03-01,2026-03-31,GPU-014,TEAM-SRCH,CTR-2024-114,UnusedCommitment,SavingsPlan,4089.81,2.568,10502.63,0,10502.63,USD,2026-03-11T00:00:00Z
BL-0000270,2026-04,2026-04-01,2026-04-30,GPU-014,TEAM-SRCH,CTR-2024-114,Usage,SavingsPlan,5760.0,3.379,19463.04,4671.36,14791.68,USD,2026-04-10T00:00:00Z
BL-0000271,2026-04,2026-04-01,2026-04-30,GPU-014,TEAM-SRCH,CTR-2024-114,UnusedCommitment,SavingsPlan,3918.91,2.568,10063.75,0,10063.75,USD,2026-04-10T00:00:00Z
BL-0000272,2026-05,2026-05-01,2026-05-31,GPU-014,TEAM-SRCH,CTR-2024-114,Usage,SavingsPlan,5952.0,3.379,20111.81,4827.07,15284.74,USD,2026-05-10T00:00:00Z
BL-0000273,2026-05,2026-05-01,2026-05-31,GPU-014,TEAM-SRCH,CTR-2024-114,UnusedCommitment,SavingsPlan,4016.23,2.568,10313.67,0,10313.67,USD,2026-05-10T00:00:00Z
BL-0000274,2026-06,2026-06-01,2026-06-30,GPU-014,TEAM-SRCH,CTR-2024-114,Usage,SavingsPlan,5760.0,3.379,19463.04,4671.36,14791.68,USD,2026-06-10T00:00:00Z
BL-0000275,2026-06,2026-06-01,2026-06-30,GPU-014,TEAM-SRCH,CTR-2024-114,UnusedCommitment,SavingsPlan,3853.94,2.568,9896.92,0,9896.92,USD,2026-06-10T00:00:00Z
BL-0000276,2026-07,2026-07-01,2026-07-31,GPU-014,TEAM-SRCH,CTR-2024-114,Usage,SavingsPlan,5952.0,3.379,20111.81,4827.07,15284.74,USD,2026-07-14T00:00:00Z
BL-0000277,2026-07,2026-07-01,2026-07-31,GPU-014,TEAM-SRCH,CTR-2024-114,UnusedCommitment,SavingsPlan,3953.88,2.568,10153.56,0,10153.56,USD,2026-07-14T00:00:00Z
BL-0000278,2026-09,2026-07-01,2026-07-31,GPU-014,TEAM-SRCH,CTR-2024-114,Adjustment,SavingsPlan,,,-325.02,0,-325.02,USD,2026-09-08T12:00:00Z
BL-0000279,2025-08,2025-08-01,2025-08-31,GPU-015,TEAM-SRCH,,Usage,OnDemand,5366.0,7.521,40357.69,0,40357.69,USD,2025-08-11T00:00:00Z
BL-0000280,2025-09,2025-09-01,2025-09-30,GPU-015,,,Usage,OnDemand,5324.0,7.521,40041.8,0,40041.8,USD,2025-09-11T00:00:00Z
BL-0000281,2025-10,2025-10-01,2025-10-31,GPU-015,TEAM-SRCH,,Usage,OnDemand,5597.0,7.521,42095.04,0,42095.04,USD,2025-10-13T00:00:00Z
BL-0000282,2025-11,2025-11-01,2025-11-30,GPU-015,TEAM-SRCH,,Usage,OnDemand,5432.0,7.521,40854.07,0,40854.07,USD,2025-11-10T00:00:00Z
BL-0000283,2025-12,2025-12-01,2025-12-31,GPU-015,TEAM-SRCH,,Usage,OnDemand,5789.0,7.521,43539.07,0,43539.07,USD,2025-12-08T00:00:00Z
BL-0000284,2026-01,2026-01-01,2026-01-31,GPU-015,TEAM-SRCH,,Usage,OnDemand,5866.0,7.521,44118.19,0,44118.19,USD,2026-01-08T00:00:00Z
BL-0000285,2026-03,2026-02-01,2026-02-28,GPU-015,TEAM-SRCH,,Usage,OnDemand,4731.0,7.521,35581.85,0,35581.85,USD,2026-03-14T00:00:00Z
BL-0000286,2026-03,2026-03-01,2026-03-31,GPU-015,TEAM-SRCH,,Usage,OnDemand,5247.0,7.521,39462.69,0,39462.69,USD,2026-03-12T00:00:00Z
BL-0000287,2026-04,2026-04-01,2026-04-30,GPU-015,TEAM-SRCH,,Usage,OnDemand,5215.0,7.521,39222.01,0,39222.01,USD,2026-04-07T00:00:00Z
BL-0000288,2026-06,2026-04-01,2026-04-30,GPU-015,TEAM-SRCH,,Adjustment,OnDemand,,,353.4,0,353.4,USD,2026-06-08T12:00:00Z
BL-0000289,2026-05,2026-05-01,2026-05-31,GPU-015,TEAM-SRCH,,Usage,OnDemand,5411.0,7.521,40696.13,0,40696.13,USD,2026-05-07T00:00:00Z
BL-0000290,2026-07,2026-06-01,2026-06-30,GPU-015,TEAM-SRCH,,Usage,OnDemand,5375.0,7.521,40425.38,0,40425.38,USD,2026-07-11T00:00:00Z
BL-0000291,2026-08,2026-06-01,2026-06-30,GPU-015,TEAM-SRCH,,Adjustment,OnDemand,,,-466.27,0,-466.27,USD,2026-08-08T12:00:00Z
BL-0000292,2026-07,2026-07-01,2026-07-31,GPU-015,TEAM-SRCH,,Usage,OnDemand,5648.0,7.521,42478.61,0,42478.61,USD,2026-07-11T00:00:00Z
BL-0000293,2025-08,2025-08-01,2025-08-31,GPU-016,TEAM-SRCH,,Usage,Owned,23808.0,4.6325,110290.56,46320.84,63969.72,USD,2025-08-13T00:00:00Z
BL-0000294,2025-09,2025-09-01,2025-09-30,GPU-016,TEAM-SRCH,,Usage,Owned,23040.0,4.6325,106732.8,44826.62,61906.18,USD,2025-09-09T00:00:00Z
BL-0000295,2025-11,2025-10-01,2025-10-31,GPU-016,TEAM-SRCH,,Usage,Owned,23808.0,4.6325,110290.56,46320.84,63969.72,USD,2025-11-07T00:00:00Z
BL-0000296,2025-11,2025-11-01,2025-11-30,GPU-016,TEAM-SRCH,,Usage,Owned,23040.0,4.6325,106732.8,44826.62,61906.18,USD,2025-11-10T00:00:00Z
BL-0000297,2025-12,2025-12-01,2025-12-31,GPU-016,TEAM-SRCH,,Usage,Owned,23808.0,4.6325,110290.56,46320.84,63969.72,USD,2025-12-08T00:00:00Z
BL-0000298,2026-01,2026-01-01,2026-01-31,gpu_016,TEAM-SRCH,,Usage,Owned,23808.0,4.6325,110290.56,46320.84,63969.72,USD,2026-01-06T00:00:00Z
BL-0000299,2026-02,2026-02-01,2026-02-28,GPU-016,TEAM-SRCH,,Usage,Owned,21504.0,4.6325,99617.28,41838.18,57779.1,USD,2026-02-11T00:00:00Z
BL-0000300,2026-03,2026-03-01,2026-03-31,GPU-016,TEAM-SRCH,,Usage,Owned,23808.0,4.6325,110290.56,46320.84,63969.72,USD,2026-03-09T00:00:00Z
BL-0000301,2026-04,2026-04-01,2026-04-30,GPU-016,TEAM-SRCH,,Usage,Owned,23040.0,4.6325,106732.8,44826.62,61906.18,USD,2026-04-13T00:00:00Z
BL-0000302,2026-05,2026-05-01,2026-05-31,GPU-016,TEAM-SRCH,,Usage,Owned,23808.0,4.6325,110290.56,46320.84,63969.72,USD,2026-05-08T00:00:00Z
BL-0000303,2026-06,2026-06-01,2026-06-30,GPU-016,TEAM-SRCH,,Usage,Owned,23040.0,4.6325,106732.8,44826.62,61906.18,USD,2026-06-10T00:00:00Z
BL-0000304,2026-07,2026-07-01,2026-07-31,GPU-016,TEAM-SRCH,,Usage,Owned,23808.0,4.6325,110290.56,46320.84,63969.72,USD,2026-07-11T00:00:00Z
BL-0000305,2025-08,2025-08-01,2025-08-31,GPU-017,TEAM-SRCH,CTR-2025-117,Usage,Reserved,5952.0,2.3435,13948.51,4742.55,9205.96,USD,2025-08-06T00:00:00Z
BL-0000306,2025-08,2025-08-01,2025-08-31,GPU-017,TEAM-SRCH,CTR-2025-117,UnusedCommitment,Reserved,3838.0,1.5467,5936.23,0,5936.23,USD,2025-08-06T00:00:00Z
BL-0000307,2025-09,2025-09-01,2025-09-30,GPU-017,TEAM-SRCH,CTR-2025-117,Usage,Reserved,5760.0,2.3435,13498.56,4589.57,8908.99,USD,2025-09-11T00:00:00Z
BL-0000308,2025-09,2025-09-01,2025-09-30,GPU-017,TEAM-SRCH,CTR-2025-117,UnusedCommitment,Reserved,3666.68,1.5467,5671.25,0,5671.25,USD,2025-09-11T00:00:00Z
BL-0000309,2025-10,2025-10-01,2025-10-31,GPU-017,TEAM-SRCH,CTR-2025-117,Usage,Reserved,5952.0,2.3435,13948.51,4742.55,9205.96,USD,2025-10-11T00:00:00Z
BL-0000310,2025-10,2025-10-01,2025-10-31,GPU-017,TEAM-SRCH,CTR-2025-117,UnusedCommitment,Reserved,3738.66,1.5467,5782.58,0,5782.58,USD,2025-10-11T00:00:00Z
BL-0000311,2025-11,2025-11-01,2025-11-30,GPU-017,TEAM-SRCH,CTR-2025-117,Usage,Reserved,5760.0,2.3435,13498.56,4589.57,8908.99,USD,2025-11-06T00:00:00Z
BL-0000312,2025-11,2025-11-01,2025-11-30,GPU-017,TEAM-SRCH,CTR-2025-117,UnusedCommitment,Reserved,3600.06,1.5467,5568.21,0,5568.21,USD,2025-11-06T00:00:00Z
BL-0000313,2025-12,2025-12-01,2025-12-31,GPU-017,TEAM-SRCH,CTR-2025-117,Usage,Reserved,5952.0,2.3435,13948.51,4742.55,9205.96,USD,2025-12-08T00:00:00Z
BL-0000314,2025-12,2025-12-01,2025-12-31,GPU-017,TEAM-SRCH,CTR-2025-117,UnusedCommitment,Reserved,3654.27,1.5467,5652.06,0,5652.06,USD,2025-12-08T00:00:00Z
BL-0000315,2026-02,2025-12-01,2025-12-31,GPU-017,TEAM-SRCH,CTR-2025-117,Adjustment,Reserved,,,-401.17,0,-401.17,USD,2026-02-08T12:00:00Z
BL-0000316,2026-01,2026-01-01,2026-01-31,GPU-017,TEAM-SRCH,CTR-2025-117,Usage,Reserved,5952.0,2.3435,13948.51,4742.55,9205.96,USD,2026-01-07T00:00:00Z
BL-0000317,2026-01,2026-01-01,2026-01-31,GPU-017,TEAM-SRCH,CTR-2025-117,UnusedCommitment,Reserved,3628.18,1.5467,5611.7,0,5611.7,USD,2026-01-07T00:00:00Z
BL-0000318,2026-02,2026-02-01,2026-02-28,GPU-017,TEAM-SRCH,CTR-2025-117,Usage,Reserved,5376.0,2.3435,12598.66,4283.6,8315.06,USD,2026-02-10T00:00:00Z
BL-0000319,2026-02,2026-02-01,2026-02-28,GPU-017,TEAM-SRCH,CTR-2025-117,UnusedCommitment,Reserved,3520.8,1.5467,5445.62,0,5445.62,USD,2026-02-10T00:00:00Z
BL-0000320,2026-04,2026-03-01,2026-03-31,GPU-017,TEAM-SRCH,CTR-2025-117,Usage,Reserved,5952.0,2.3435,13948.51,4742.55,9205.96,USD,2026-04-07T00:00:00Z
BL-0000321,2026-04,2026-03-01,2026-03-31,GPU-017,TEAM-SRCH,CTR-2025-117,UnusedCommitment,Reserved,3871.06,1.5467,5987.38,0,5987.38,USD,2026-04-07T00:00:00Z
BL-0000322,2026-04,2026-04-01,2026-04-30,GPU-017,TEAM-SRCH,CTR-2025-117,Usage,Reserved,5760.0,2.3435,13498.56,4589.57,8908.99,USD,2026-04-14T00:00:00Z
BL-0000323,2026-04,2026-04-01,2026-04-30,GPU-017,TEAM-SRCH,CTR-2025-117,UnusedCommitment,Reserved,3707.72,1.5467,5734.73,0,5734.73,USD,2026-04-14T00:00:00Z
BL-0000324,2026-05,2026-05-01,2026-05-31,GPU-017,TEAM-SRCH,CTR-2025-117,Usage,Reserved,5952.0,2.3435,13948.51,4742.55,9205.96,USD,2026-05-07T00:00:00Z
BL-0000325,2026-05,2026-05-01,2026-05-31,GPU-017,TEAM-SRCH,CTR-2025-117,UnusedCommitment,Reserved,3813.28,1.5467,5898.01,0,5898.01,USD,2026-05-07T00:00:00Z
BL-0000326,2026-06,2026-06-01,2026-06-30,GPU-017,TEAM-SRCH,CTR-2025-117,Usage,Reserved,5760.0,2.3435,13498.56,4589.57,8908.99,USD,2026-06-09T00:00:00Z
BL-0000327,2026-06,2026-06-01,2026-06-30,GPU-017,TEAM-SRCH,CTR-2025-117,UnusedCommitment,Reserved,3638.85,1.5467,5628.21,0,5628.21,USD,2026-06-09T00:00:00Z
BL-0000328,2026-07,2026-07-01,2026-07-31,GPU-017,TEAM-SRCH,CTR-2025-117,Usage,Reserved,5952.0,2.3435,13948.51,4742.55,9205.96,USD,2026-07-12T00:00:00Z
BL-0000329,2026-07,2026-07-01,2026-07-31,GPU-017,TEAM-SRCH,CTR-2025-117,UnusedCommitment,Reserved,3706.33,1.5467,5732.58,0,5732.58,USD,2026-07-12T00:00:00Z
BL-0000330,2025-08,2025-08-01,2025-08-31,GPU-018,TEAM-CONV,CTR-2024-118,Usage,Reserved,2976.0,2.15,6398.4,2175.46,4222.94,USD,2025-08-12T00:00:00Z
BL-0000331,2025-08,2025-08-01,2025-08-31,GPU-018,TEAM-CONV,CTR-2024-118,UnusedCommitment,Reserved,2015.44,1.419,2859.9,0,2859.9,USD,2025-08-12T00:00:00Z
BL-0000332,2025-09,2025-09-01,2025-09-30,GPU-018,TEAM-CONV,CTR-2024-118,Usage,Reserved,2880.0,2.15,6192.0,2105.28,4086.72,USD,2025-09-10T00:00:00Z
BL-0000333,2025-09,2025-09-01,2025-09-30,GPU-018,TEAM-CONV,CTR-2024-118,UnusedCommitment,Reserved,1915.33,1.419,2717.85,0,2717.85,USD,2025-09-10T00:00:00Z
BL-0000334,2025-10,2025-10-01,2025-10-31,GPU-018,TEAM-CONV,CTR-2024-118,Usage,Reserved,2976.0,2.15,6398.4,2175.46,4222.94,USD,2025-10-07T00:00:00Z
BL-0000335,2025-10,2025-10-01,2025-10-31,GPU-018,TEAM-CONV,CTR-2024-118,UnusedCommitment,Reserved,1836.04,1.419,2605.34,0,2605.34,USD,2025-10-07T00:00:00Z
BL-0000336,2025-11,2025-11-01,2025-11-30,GPU-018,TEAM-CONV,CTR-2024-118,Usage,Reserved,2880.0,2.15,6192.0,2105.28,4086.72,USD,2025-11-12T00:00:00Z
BL-0000337,2025-11,2025-11-01,2025-11-30,GPU-018,TEAM-CONV,CTR-2024-118,UnusedCommitment,Reserved,1551.4,1.419,2201.44,0,2201.44,USD,2025-11-12T00:00:00Z
BL-0000338,2025-12,2025-12-01,2025-12-31,gpu_018,TEAM-CONV,CTR-2024-118,Usage,Reserved,2976.0,2.15,6398.4,2175.46,4222.94,USD,2025-12-09T00:00:00Z
BL-0000339,2025-12,2025-12-01,2025-12-31,gpu_018,TEAM-CONV,CTR-2024-118,UnusedCommitment,Reserved,1670.75,1.419,2370.79,0,2370.79,USD,2025-12-09T00:00:00Z
BL-0000340,2026-01,2026-01-01,2026-01-31,GPU-018,TEAM-CONV,CTR-2024-118,Usage,Reserved,2976.0,2.15,6398.4,2175.46,4222.94,USD,2026-01-10T00:00:00Z
BL-0000341,2026-01,2026-01-01,2026-01-31,GPU-018,TEAM-CONV,CTR-2024-118,UnusedCommitment,Reserved,1664.15,1.419,2361.43,0,2361.43,USD,2026-01-10T00:00:00Z
BL-0000342,2026-02,2026-02-01,2026-02-28,GPU-018,TEAM-CONV,CTR-2024-118,Usage,Reserved,2688.0,2.15,5779.2,1964.93,3814.27,USD,2026-02-06T00:00:00Z
BL-0000343,2026-02,2026-02-01,2026-02-28,GPU-018,TEAM-CONV,CTR-2024-118,UnusedCommitment,Reserved,1451.76,1.419,2060.05,0,2060.05,USD,2026-02-06T00:00:00Z
BL-0000344,2026-03,2026-03-01,2026-03-31,GPU-018,TEAM-CONV,CTR-2024-118,Usage,Reserved,2976.0,2.15,6398.4,2175.46,4222.94,USD,2026-03-10T00:00:00Z
BL-0000345,2026-03,2026-03-01,2026-03-31,GPU-018,TEAM-CONV,CTR-2024-118,UnusedCommitment,Reserved,1548.32,1.419,2197.06,0,2197.06,USD,2026-03-10T00:00:00Z
BL-0000346,2026-04,2026-04-01,2026-04-30,GPU-018,TEAM-CONV,CTR-2024-118,Usage,Reserved,2880.0,2.15,6192.0,2105.28,4086.72,USD,2026-04-09T00:00:00Z
BL-0000347,2026-04,2026-04-01,2026-04-30,GPU-018,TEAM-CONV,CTR-2024-118,UnusedCommitment,Reserved,1445.05,1.419,2050.52,0,2050.52,USD,2026-04-09T00:00:00Z
BL-0000348,2026-05,2026-05-01,2026-05-31,GPU-018,TEAM-CONV,CTR-2024-118,Usage,Reserved,2976.0,2.15,6398.4,2175.46,4222.94,USD,2026-05-14T00:00:00Z
BL-0000349,2026-05,2026-05-01,2026-05-31,GPU-018,TEAM-CONV,CTR-2024-118,UnusedCommitment,Reserved,1439.72,1.419,2042.97,0,2042.97,USD,2026-05-14T00:00:00Z
BL-0000350,2026-06,2026-06-01,2026-06-30,GPU-018,TEAM-CONV,CTR-2024-118,Usage,Reserved,2880.0,2.15,6192.0,2105.28,4086.72,USD,2026-06-11T00:00:00Z
BL-0000351,2026-06,2026-06-01,2026-06-30,GPU-018,TEAM-CONV,CTR-2024-118,UnusedCommitment,Reserved,1331.44,1.419,1889.32,0,1889.32,USD,2026-06-11T00:00:00Z
BL-0000352,2026-07,2026-07-01,2026-07-31,GPU-018,TEAM-CONV,CTR-2024-118,Usage,Reserved,2976.0,2.15,6398.4,2175.46,4222.94,USD,2026-07-07T00:00:00Z
BL-0000353,2026-07,2026-07-01,2026-07-31,GPU-018,TEAM-CONV,CTR-2024-118,UnusedCommitment,Reserved,1312.92,1.419,1863.04,0,1863.04,USD,2026-07-07T00:00:00Z
BL-0000354,2025-08,2025-08-01,2025-08-31,GPU-019,,CTR-2025-119,Usage,SavingsPlan,8928.0,3.1,27676.8,6642.43,21034.37,USD,2025-08-12T00:00:00Z
BL-0000355,2025-08,2025-08-01,2025-08-31,GPU-019,,CTR-2025-119,UnusedCommitment,SavingsPlan,5259.85,2.356,12392.21,0,12392.21,USD,2025-08-12T00:00:00Z
BL-0000356,2025-09,2025-09-01,2025-09-30,GPU-019,TEAM-CONV,CTR-2025-119,Usage,SavingsPlan,8640.0,3.1,26784.0,6428.16,20355.84,USD,2025-09-07T00:00:00Z
BL-0000357,2025-09,2025-09-01,2025-09-30,GPU-019,TEAM-CONV,CTR-2025-119,UnusedCommitment,SavingsPlan,4904.41,2.356,11554.8,0,11554.8,USD,2025-09-07T00:00:00Z
BL-0000358,2025-10,2025-10-01,2025-10-31,GPU-019,TEAM-CONV,CTR-2025-119,Usage,SavingsPlan,8928.0,3.1,27676.8,6642.43,21034.37,USD,2025-10-13T00:00:00Z
BL-0000359,2025-10,2025-10-01,2025-10-31,GPU-019,TEAM-CONV,CTR-2025-119,UnusedCommitment,SavingsPlan,4486.33,2.356,10569.78,0,10569.78,USD,2025-10-13T00:00:00Z
BL-0000360,2025-11,2025-11-01,2025-11-30,GPU-019,TEAM-CONV,CTR-2025-119,Usage,SavingsPlan,8640.0,3.1,26784.0,6428.16,20355.84,USD,2025-11-10T00:00:00Z
BL-0000361,2025-11,2025-11-01,2025-11-30,GPU-019,TEAM-CONV,CTR-2025-119,UnusedCommitment,SavingsPlan,3642.86,2.356,8582.59,0,8582.59,USD,2025-11-10T00:00:00Z
BL-0000362,2025-12,2025-12-01,2025-12-31,GPU-019,TEAM-CONV,CTR-2025-119,Usage,SavingsPlan,8928.0,3.1,27676.8,6642.43,21034.37,USD,2025-12-07T00:00:00Z
BL-0000363,2025-12,2025-12-01,2025-12-31,GPU-019,TEAM-CONV,CTR-2025-119,UnusedCommitment,SavingsPlan,3887.3,2.356,9158.49,0,9158.49,USD,2025-12-07T00:00:00Z
BL-0000364,2026-01,2026-01-01,2026-01-31,GPU-019,TEAM-CONV,CTR-2025-119,Usage,SavingsPlan,8928.0,3.1,27676.8,6642.43,21034.37,USD,2026-01-09T00:00:00Z
BL-0000365,2026-01,2026-01-01,2026-01-31,GPU-019,TEAM-CONV,CTR-2025-119,UnusedCommitment,SavingsPlan,3863.09,2.356,9101.45,0,9101.45,USD,2026-01-09T00:00:00Z
BL-0000366,2026-02,2026-02-01,2026-02-28,GPU-019,TEAM-CONV,CTR-2025-119,Usage,SavingsPlan,8064.0,3.1,24998.4,5999.62,18998.78,USD,2026-02-12T00:00:00Z
BL-0000367,2026-02,2026-02-01,2026-02-28,GPU-019,TEAM-CONV,CTR-2025-119,UnusedCommitment,SavingsPlan,3261.39,2.356,7683.85,0,7683.85,USD,2026-02-12T00:00:00Z
BL-0000368,2026-03,2026-03-01,2026-03-31,GPU-019,TEAM-CONV,CTR-2025-119,Usage,SavingsPlan,8928.0,3.1,27676.8,6642.43,21034.37,USD,2026-03-07T00:00:00Z
BL-0000369,2026-03,2026-03-01,2026-03-31,GPU-019,TEAM-CONV,CTR-2025-119,UnusedCommitment,SavingsPlan,3442.46,2.356,8110.44,0,8110.44,USD,2026-03-07T00:00:00Z
BL-0000370,2026-04,2026-04-01,2026-04-30,GPU-019,TEAM-CONV,CTR-2025-119,Usage,SavingsPlan,8640.0,3.1,26784.0,6428.16,20355.84,USD,2026-04-14T00:00:00Z
BL-0000371,2026-04,2026-04-01,2026-04-30,GPU-019,TEAM-CONV,CTR-2025-119,UnusedCommitment,SavingsPlan,3119.81,2.356,7350.28,0,7350.28,USD,2026-04-14T00:00:00Z
BL-0000372,2026-05,2026-05-01,2026-05-31,GPU-019,TEAM-CONV,CTR-2025-119,Usage,SavingsPlan,8928.0,3.1,27676.8,6642.43,21034.37,USD,2026-05-06T00:00:00Z
BL-0000373,2026-05,2026-05-01,2026-05-31,GPU-019,TEAM-CONV,CTR-2025-119,UnusedCommitment,SavingsPlan,3059.93,2.356,7209.19,0,7209.19,USD,2026-05-06T00:00:00Z
BL-0000374,2026-06,2026-06-01,2026-06-30,GPU-019,TEAM-CONV,CTR-2025-119,Usage,SavingsPlan,8640.0,3.1,26784.0,6428.16,20355.84,USD,2026-06-11T00:00:00Z
BL-0000375,2026-06,2026-06-01,2026-06-30,GPU-019,TEAM-CONV,CTR-2025-119,UnusedCommitment,SavingsPlan,2691.09,2.356,6340.22,0,6340.22,USD,2026-06-11T00:00:00Z
BL-0000376,2026-07,2026-07-01,2026-07-31,GPU-019,TEAM-CONV,CTR-2025-119,Usage,SavingsPlan,8928.0,3.1,27676.8,6642.43,21034.37,USD,2026-07-14T00:00:00Z
BL-0000377,2026-07,2026-07-01,2026-07-31,GPU-019,TEAM-CONV,CTR-2025-119,UnusedCommitment,SavingsPlan,2554.81,2.356,6019.13,0,6019.13,USD,2026-07-14T00:00:00Z
BL-0000378,2025-08,2025-08-01,2025-08-31,GPU-020,TEAM-CONV,,Usage,OnDemand,9064.0,6.9,62541.6,0,62541.6,USD,2025-08-14T00:00:00Z
BL-0000379,2025-09,2025-09-01,2025-09-30,GPU-020,TEAM-CONV,,Usage,OnDemand,9197.0,6.9,63459.3,0,63459.3,USD,2025-09-13T00:00:00Z
BL-0000380,2025-10,2025-10-01,2025-10-31,GPU-020,TEAM-CONV,,Usage,OnDemand,10851.0,6.9,74871.9,0,74871.9,USD,2025-10-14T00:00:00Z
BL-0000381,2025-11,2025-11-01,2025-11-30,GPU-020,TEAM-CONV,,Usage,OnDemand,11856.0,6.9,81806.4,0,81806.4,USD,2025-11-08T00:00:00Z
BL-0000382,2025-12,2025-12-01,2025-12-31,GPU-020,TEAM-CONV,,Usage,OnDemand,12162.0,6.9,83917.8,0,83917.8,USD,2025-12-12T00:00:00Z
BL-0000383,2026-01,2026-01-01,2026-01-31,GPU-020,TEAM-CONV,,Usage,OnDemand,12194.0,6.9,84138.6,0,84138.6,USD,2026-01-13T00:00:00Z
BL-0000384,2026-02,2026-02-01,2026-02-28,GPU-020,TEAM-CONV,,Usage,OnDemand,11483.0,6.9,79232.7,0,79232.7,USD,2026-02-10T00:00:00Z
BL-0000385,2026-03,2026-03-01,2026-03-31,GPU-020,TEAM-CONV,,Usage,OnDemand,13058.0,6.9,90100.2,0,90100.2,USD,2026-03-12T00:00:00Z
BL-0000386,2026-04,2026-04-01,2026-04-30,GPU-020,TEAM-CONV,,Usage,OnDemand,13056.0,6.9,90086.4,0,90086.4,USD,2026-04-13T00:00:00Z
BL-0000387,2026-05,2026-05-01,2026-05-31,GPU-020,TEAM-CONV,,Usage,OnDemand,13798.0,6.9,95206.2,0,95206.2,USD,2026-05-08T00:00:00Z
BL-0000388,2026-06,2026-06-01,2026-06-30,GPU-020,TEAM-CONV,,Usage,OnDemand,13773.0,6.9,95033.7,0,95033.7,USD,2026-06-06T00:00:00Z
BL-0000389,2026-07,2026-07-01,2026-07-31,GPU-020,TEAM-CONV,,Usage,OnDemand,14636.0,6.9,100988.4,0,100988.4,USD,2026-07-12T00:00:00Z
BL-0000390,2025-08,2025-08-01,2025-08-31,GPU-021,TEAM-CONV,,Usage,Owned,2976.0,4.25,12648.0,5312.16,7335.84,USD,2025-08-08T00:00:00Z
BL-0000391,2025-09,2025-09-01,2025-09-30,GPU-021,TEAM-CONV,,Usage,Owned,2880.0,4.25,12240.0,5140.8,7099.2,USD,2025-09-08T00:00:00Z
BL-0000392,2025-10,2025-10-01,2025-10-31,GPU-021,TEAM-CONV,,Usage,Owned,2976.0,4.25,12648.0,5312.16,7335.84,USD,2025-10-08T00:00:00Z
BL-0000393,2025-11,2025-11-01,2025-11-30,GPU-021,TEAM-CONV,,Usage,Owned,2880.0,4.25,12240.0,5140.8,7099.2,USD,2025-11-10T00:00:00Z
BL-0000394,2025-12,2025-12-01,2025-12-31,GPU-021,TEAM-CONV,,Usage,Owned,2976.0,4.25,12648.0,5312.16,7335.84,USD,2025-12-06T00:00:00Z
BL-0000395,2026-01,2026-01-01,2026-01-31,GPU-021,TEAM-CONV,,Usage,Owned,2976.0,4.25,12648.0,5312.16,7335.84,USD,2026-01-06T00:00:00Z
BL-0000396,2026-02,2026-02-01,2026-02-28,GPU-021,TEAM-CONV,,Usage,Owned,2688.0,4.25,11424.0,4798.08,6625.92,USD,2026-02-07T00:00:00Z
BL-0000397,2026-03,2026-03-01,2026-03-31,GPU-021,TEAM-CONV,,Usage,Owned,2976.0,4.25,12648.0,5312.16,7335.84,USD,2026-03-14T00:00:00Z
BL-0000398,2026-04,2026-04-01,2026-04-30,GPU-021,TEAM-CONV,,Usage,Owned,2880.0,4.25,12240.0,5140.8,7099.2,USD,2026-04-14T00:00:00Z
BL-0000399,2026-05,2026-05-01,2026-05-31,GPU-021,TEAM-CONV,,Usage,Owned,2976.0,4.25,12648.0,5312.16,7335.84,USD,2026-05-13T00:00:00Z
BL-0000400,2026-06,2026-06-01,2026-06-30,GPU-021,TEAM-CONV,,Usage,Owned,2880.0,4.25,12240.0,5140.8,7099.2,USD,2026-06-14T00:00:00Z
BL-0000401,2026-07,2026-07-01,2026-07-31,GPU-021,TEAM-CONV,,Usage,Owned,2976.0,4.25,12648.0,5312.16,7335.84,USD,2026-07-08T00:00:00Z
BL-0000402,2025-08,2025-08-01,2025-08-31,GPU-022,TEAM-CONV,CTR-2024-122,Usage,Reserved,8928.0,2.15,19195.2,6526.37,12668.83,USD,2025-08-14T00:00:00Z
BL-0000403,2025-08,2025-08-01,2025-08-31,GPU-022,TEAM-CONV,CTR-2024-122,UnusedCommitment,Reserved,5243.08,1.419,7439.93,0,7439.93,USD,2025-08-14T00:00:00Z
BL-0000404,2025-09,2025-09-01,2025-09-30,GPU-022,TEAM-CONV,CTR-2024-122,Usage,Reserved,8640.0,2.15,18576.0,6315.84,12260.16,USD,2025-09-07T00:00:00Z
BL-0000405,2025-09,2025-09-01,2025-09-30,GPU-022,TEAM-CONV,CTR-2024-122,UnusedCommitment,Reserved,4900.7,1.419,6954.09,0,6954.09,USD,2025-09-07T00:00:00Z
BL-0000406,2025-10,2025-10-01,2025-10-31,GPU-022,TEAM-CONV,CTR-2024-122,Usage,Reserved,8928.0,2.15,19195.2,6526.37,12668.83,USD,2025-10-09T00:00:00Z
BL-0000407,2025-10,2025-10-01,2025-10-31,GPU-022,TEAM-CONV,CTR-2024-122,UnusedCommitment,Reserved,4476.94,1.419,6352.78,0,6352.78,USD,2025-10-09T00:00:00Z
BL-0000408,2025-12,2025-11-01,2025-11-30,GPU-022,TEAM-CONV,CTR-2024-122,Usage,Reserved,8640.0,2.15,18576.0,6315.84,12260.16,USD,2025-12-11T00:00:00Z
BL-0000409,2025-12,2025-11-01,2025-11-30,GPU-022,TEAM-CONV,CTR-2024-122,UnusedCommitment,Reserved,3648.52,1.419,5177.25,0,5177.25,USD,2025-12-11T00:00:00Z
BL-0000410,2025-12,2025-12-01,2025-12-31,GPU-022,TEAM-CONV,CTR-2024-122,Usage,Reserved,8928.0,2.15,19195.2,6526.37,12668.83,USD,2025-12-07T00:00:00Z
BL-0000411,2025-12,2025-12-01,2025-12-31,GPU-022,TEAM-CONV,CTR-2024-122,UnusedCommitment,Reserved,3893.23,1.419,5524.5,0,5524.5,USD,2025-12-07T00:00:00Z
BL-0000412,2026-01,2026-01-01,2026-01-31,GPU-022,TEAM-CONV,CTR-2024-122,Usage,Reserved,8928.0,2.15,19195.2,6526.37,12668.83,USD,2026-01-06T00:00:00Z
BL-0000413,2026-01,2026-01-01,2026-01-31,GPU-022,TEAM-CONV,CTR-2024-122,UnusedCommitment,Reserved,3866.51,1.419,5486.57,0,5486.57,USD,2026-01-06T00:00:00Z
BL-0000414,2026-02,2026-02-01,2026-02-28,GPU-022,TEAM-CONV,CTR-2024-122,Usage,Reserved,8064.0,2.15,17337.6,5894.78,11442.82,USD,2026-02-10T00:00:00Z
BL-0000415,2026-02,2026-02-01,2026-02-28,GPU-022,TEAM-CONV,CTR-2024-122,UnusedCommitment,Reserved,3310.84,1.419,4698.09,0,4698.09,USD,2026-02-10T00:00:00Z
BL-0000416,2026-03,2026-03-01,2026-03-31,GPU-022,TEAM-CONV,CTR-2024-122,Usage,Reserved,8928.0,2.15,19195.2,6526.37,12668.83,USD,2026-03-07T00:00:00Z
BL-0000417,2026-03,2026-03-01,2026-03-31,GPU-022,TEAM-CONV,CTR-2024-122,UnusedCommitment,Reserved,3416.99,1.419,4848.7,0,4848.7,USD,2026-03-07T00:00:00Z
BL-0000418,2026-04,2026-04-01,2026-04-30,GPU-022,TEAM-CONV,CTR-2024-122,Usage,Reserved,8640.0,2.15,18576.0,6315.84,12260.16,USD,2026-04-10T00:00:00Z
BL-0000419,2026-04,2026-04-01,2026-04-30,GPU-022,TEAM-CONV,CTR-2024-122,UnusedCommitment,Reserved,3093.07,1.419,4389.06,0,4389.06,USD,2026-04-10T00:00:00Z
BL-0000420,2026-05,2026-05-01,2026-05-31,GPU-022,TEAM-CONV,CTR-2024-122,Usage,Reserved,8928.0,2.15,19195.2,6526.37,12668.83,USD,2026-05-07T00:00:00Z
BL-0000421,2026-05,2026-05-01,2026-05-31,GPU-022,TEAM-CONV,CTR-2024-122,UnusedCommitment,Reserved,3079.18,1.419,4369.36,0,4369.36,USD,2026-05-07T00:00:00Z
BL-0000422,2026-07,2026-06-01,2026-06-30,GPU-022,TEAM-CONV,CTR-2024-122,Usage,Reserved,8640.0,2.15,18576.0,6315.84,12260.16,USD,2026-07-10T00:00:00Z
BL-0000423,2026-07,2026-06-01,2026-06-30,GPU-022,TEAM-CONV,CTR-2024-122,UnusedCommitment,Reserved,2681.22,1.419,3804.66,0,3804.66,USD,2026-07-10T00:00:00Z
BL-0000424,2026-07,2026-07-01,2026-07-31,GPU-022,TEAM-CONV,CTR-2024-122,Usage,Reserved,8928.0,2.15,19195.2,6526.37,12668.83,USD,2026-07-07T00:00:00Z
BL-0000425,2026-07,2026-07-01,2026-07-31,GPU-022,TEAM-CONV,CTR-2024-122,UnusedCommitment,Reserved,2574.51,1.419,3653.22,0,3653.22,USD,2026-07-07T00:00:00Z
BL-0000426,2025-08,2025-08-01,2025-08-31,GPU-023,TEAM-CONV,,Usage,OnDemand,7146.0,3.1,22152.6,0,22152.6,USD,2025-08-11T00:00:00Z
BL-0000427,2025-09,2025-09-01,2025-09-30,GPU-023,TEAM-CONV,,Usage,OnDemand,7187.0,3.1,22279.7,0,22279.7,USD,2025-09-09T00:00:00Z
BL-0000428,2025-10,2025-10-01,2025-10-31,GPU-023,TEAM-CONV,,Usage,OnDemand,8438.0,3.1,26157.8,0,26157.8,USD,2025-10-09T00:00:00Z
BL-0000429,2025-11,2025-11-01,2025-11-30,GPU-023,TEAM-CONV,,Usage,OnDemand,9692.0,3.1,30045.2,0,30045.2,USD,2025-11-14T00:00:00Z
BL-0000430,2025-12,2025-12-01,2025-12-31,GPU-023,TEAM-CONV,,Usage,OnDemand,9596.0,3.1,29747.6,0,29747.6,USD,2025-12-11T00:00:00Z
BL-0000431,2026-01,2026-01-01,2026-01-31,GPU-023,TEAM-CONV,,Usage,OnDemand,9647.0,3.1,29905.7,0,29905.7,USD,2026-01-11T00:00:00Z
BL-0000432,2026-02,2026-02-01,2026-02-28,GPU-023,TEAM-CONV,,Usage,OnDemand,9063.0,3.1,28095.3,0,28095.3,USD,2026-02-14T00:00:00Z
BL-0000433,2026-03,2026-03-01,2026-03-31,GPU-023,TEAM-CONV,,Usage,OnDemand,10386.0,3.1,32196.6,0,32196.6,USD,2026-03-11T00:00:00Z
BL-0000434,2026-04,2026-04-01,2026-04-30,GPU-023,TEAM-CONV,,Usage,OnDemand,10506.0,3.1,32568.6,0,32568.6,USD,2026-04-09T00:00:00Z
BL-0000435,2026-05,2026-05-01,2026-05-31,GPU-023,TEAM-CONV,,Usage,OnDemand,11254.0,3.1,34887.4,0,34887.4,USD,2026-05-11T00:00:00Z
BL-0000436,2026-06,2026-06-01,2026-06-30,GPU-023,,,Usage,OnDemand,11279.0,3.1,34964.9,0,34964.9,USD,2026-06-08T00:00:00Z
BL-0000437,2026-07,2026-07-01,2026-07-31,GPU-023,TEAM-CONV,,Usage,OnDemand,12164.0,3.1,37708.4,0,37708.4,USD,2026-07-06T00:00:00Z
BL-0000438,2025-08,2025-08-01,2025-08-31,GPU-024,TEAM-CONV,,Usage,OnDemand,1824.0,6.9,12585.6,0,12585.6,USD,2025-08-09T00:00:00Z
BL-0000439,2025-09,2025-09-01,2025-09-30,GPU-024,TEAM-CONV,,Usage,OnDemand,1804.0,6.9,12447.6,0,12447.6,USD,2025-09-11T00:00:00Z
BL-0000440,2025-10,2025-10-01,2025-10-31,GPU-024,TEAM-CONV,,Usage,OnDemand,2078.0,6.9,14338.2,0,14338.2,USD,2025-10-13T00:00:00Z
BL-0000441,2025-11,2025-11-01,2025-11-30,GPU-024,TEAM-CONV,,Usage,OnDemand,2223.0,6.9,15338.7,0,15338.7,USD,2025-11-08T00:00:00Z
BL-0000442,2025-12,2025-12-01,2025-12-31,GPU-024,TEAM-CONV,,Usage,OnDemand,2299.0,6.9,15863.1,0,15863.1,USD,2025-12-11T00:00:00Z
BL-0000443,2026-01,2026-01-01,2026-01-31,GPU-024,TEAM-CONV,,Usage,OnDemand,2334.0,6.9,16104.6,0,16104.6,USD,2026-01-07T00:00:00Z
BL-0000444,2026-02,2026-02-01,2026-02-28,GPU-024,TEAM-CONV,,Usage,OnDemand,2162.0,6.9,14917.8,0,14917.8,USD,2026-02-11T00:00:00Z
BL-0000445,2026-04,2026-02-01,2026-02-28,GPU-024,TEAM-CONV,,Adjustment,OnDemand,,,269.7,0,269.7,USD,2026-04-08T12:00:00Z
BL-0000446,2026-04,2026-03-01,2026-03-31,GPU-024,TEAM-CONV,,Usage,OnDemand,2466.0,6.9,17015.4,0,17015.4,USD,2026-04-10T00:00:00Z
BL-0000447,2026-05,2026-03-01,2026-03-31,GPU-024,TEAM-CONV,,Adjustment,OnDemand,,,-543.09,0,-543.09,USD,2026-05-08T12:00:00Z
BL-0000448,2026-04,2026-04-01,2026-04-30,GPU-024,TEAM-CONV,,Usage,OnDemand,2433.0,6.9,16787.7,0,16787.7,USD,2026-04-06T00:00:00Z
BL-0000449,2026-05,2026-05-01,2026-05-31,GPU-024,TEAM-CONV,,Usage,OnDemand,2544.0,6.9,17553.6,0,17553.6,USD,2026-05-08T00:00:00Z
BL-0000450,2026-06,2026-06-01,2026-06-30,GPU-024,TEAM-CONV,,Usage,OnDemand,2509.0,6.9,17312.1,0,17312.1,USD,2026-06-09T00:00:00Z
BL-0000451,2026-07,2026-07-01,2026-07-31,GPU-024,TEAM-CONV,,Usage,OnDemand,2634.0,6.9,18174.6,0,18174.6,USD,2026-07-14T00:00:00Z
BL-0000452,2025-08,2025-08-01,2025-08-31,GPU-025,TEAM-CONV,,Usage,OnDemand,137.0,4.25,582.25,0,582.25,USD,2025-08-12T00:00:00Z
BL-0000453,2025-10,2025-09-01,2025-09-30,GPU-025,TEAM-CONV,,Usage,OnDemand,4745.0,4.25,20166.25,0,20166.25,USD,2025-10-09T00:00:00Z
BL-0000454,2025-11,2025-10-01,2025-10-31,GPU-025,TEAM-CONV,,Usage,OnDemand,5644.0,4.25,23987.0,0,23987.0,USD,2025-11-09T00:00:00Z
BL-0000455,2025-11,2025-11-01,2025-11-30,GPU-025,,,Usage,OnDemand,6067.0,4.25,25784.75,0,25784.75,USD,2025-11-08T00:00:00Z
BL-0000456,2025-12,2025-12-01,2025-12-31,GPU-025,TEAM-CONV,,Usage,OnDemand,6260.0,4.25,26605.0,0,26605.0,USD,2025-12-12T00:00:00Z
BL-0000457,2026-01,2026-01-01,2026-01-31,GPU-025,TEAM-CONV,,Usage,OnDemand,6260.0,4.25,26605.0,0,26605.0,USD,2026-01-07T00:00:00Z
BL-0000458,2026-02,2026-02-01,2026-02-28,GPU-025,TEAM-CONV,,Usage,OnDemand,5883.0,4.25,25002.75,0,25002.75,USD,2026-02-14T00:00:00Z
BL-0000459,2026-03,2026-03-01,2026-03-31,GPU-025,TEAM-CONV,,Usage,OnDemand,6680.0,4.25,28390.0,0,28390.0,USD,2026-03-14T00:00:00Z
BL-0000460,2026-05,2026-03-01,2026-03-31,GPU-025,TEAM-CONV,,Adjustment,OnDemand,,,508.79,0,508.79,USD,2026-05-08T12:00:00Z
BL-0000461,2026-04,2026-04-01,2026-04-30,GPU-025,TEAM-CONV,,Usage,OnDemand,6671.0,4.25,28351.75,0,28351.75,USD,2026-04-14T00:00:00Z
BL-0000462,2026-05,2026-05-01,2026-05-31,GPU-025,TEAM-CONV,,Usage,OnDemand,7033.0,4.25,29890.25,0,29890.25,USD,2026-05-06T00:00:00Z
BL-0000463,2026-06,2026-06-01,2026-06-30,GPU-025,TEAM-CONV,,Usage,OnDemand,7059.0,4.25,30000.75,0,30000.75,USD,2026-06-08T00:00:00Z
BL-0000464,2026-07,2026-07-01,2026-07-31,GPU-025,TEAM-CONV,,Usage,OnDemand,7467.0,4.25,31734.75,0,31734.75,USD,2026-07-13T00:00:00Z
BL-0000465,2025-09,2025-08-01,2025-08-31,GPU-026,TEAM-CONV,,Usage,OnDemand,263.0,2.15,565.45,0,565.45,USD,2025-09-12T00:00:00Z
BL-0000466,2025-09,2025-09-01,2025-09-30,GPU-026,TEAM-CONV,,Usage,OnDemand,9207.0,2.15,19795.05,0,19795.05,USD,2025-09-06T00:00:00Z
BL-0000467,2025-10,2025-10-01,2025-10-31,GPU-026,TEAM-CONV,,Usage,OnDemand,10932.0,2.15,23503.8,0,23503.8,USD,2025-10-13T00:00:00Z
BL-0000468,2025-11,2025-11-01,2025-11-30,GPU-026,TEAM-CONV,,Usage,OnDemand,11948.0,2.15,25688.2,0,25688.2,USD,2025-11-12T00:00:00Z
BL-0000469,2025-12,2025-12-01,2025-12-31,GPU-026,TEAM-CONV,,Usage,OnDemand,12127.0,2.15,26073.05,0,26073.05,USD,2025-12-09T00:00:00Z
BL-0000470,2026-01,2026-01-01,2026-01-31,GPU-026,TEAM-CONV,,Usage,OnDemand,12282.0,2.15,26406.3,0,26406.3,USD,2026-01-10T00:00:00Z
BL-0000471,2026-02,2026-02-01,2026-02-28,GPU-026,TEAM-CONV,,Usage,OnDemand,11450.0,2.15,24617.5,0,24617.5,USD,2026-02-12T00:00:00Z
BL-0000472,2026-03,2026-03-01,2026-03-31,GPU-026,TEAM-CONV,,Usage,OnDemand,13062.0,2.15,28083.3,0,28083.3,USD,2026-03-10T00:00:00Z
BL-0000473,2026-04,2026-04-01,2026-04-30,GPU-026,TEAM-CONV,,Usage,OnDemand,13064.0,2.15,28087.6,0,28087.6,USD,2026-04-08T00:00:00Z
BL-0000474,2026-05,2026-05-01,2026-05-31,GPU-026,TEAM-CONV,,Usage,OnDemand,13752.0,2.15,29566.8,0,29566.8,USD,2026-05-12T00:00:00Z
BL-0000475,2026-06,2026-06-01,2026-06-30,GPU-026,TEAM-CONV,,Usage,OnDemand,13797.0,2.15,29663.55,0,29663.55,USD,2026-06-11T00:00:00Z
BL-0000476,2026-07,2026-07-01,2026-07-31,GPU-026,TEAM-CONV,,Usage,OnDemand,14651.0,2.15,31499.65,0,31499.65,USD,2026-07-11T00:00:00Z
BL-0000477,2025-08,2025-08-01,2025-08-31,GPU-027,TEAM-DOC,CTR-2025-127,Usage,Reserved,11904.0,2.3435,27897.02,9485.11,18411.91,USD,2025-08-11T00:00:00Z
BL-0000478,2025-08,2025-08-01,2025-08-31,GPU-027,TEAM-DOC,CTR-2025-127,UnusedCommitment,Reserved,5840.2,1.5467,9033.04,0,9033.04,USD,2025-08-11T00:00:00Z
BL-0000479,2025-10,2025-08-01,2025-08-31,GPU-027,TEAM-DOC,CTR-2025-127,Adjustment,Reserved,,,-650.1,0,-650.1,USD,2025-10-08T12:00:00Z
BL-0000480,2025-09,2025-09-01,2025-09-30,GPU-027,TEAM-DOC,CTR-2025-127,Usage,Reserved,11520.0,2.3435,26997.12,9179.14,17817.98,USD,2025-09-11T00:00:00Z
BL-0000481,2025-09,2025-09-01,2025-09-30,GPU-027,TEAM-DOC,CTR-2025-127,UnusedCommitment,Reserved,8749.03,1.5467,13532.12,0,13532.12,USD,2025-09-11T00:00:00Z
BL-0000482,2025-10,2025-10-01,2025-10-31,GPU-027,TEAM-DOC,CTR-2025-127,Usage,Reserved,11904.0,2.3435,27897.02,9485.11,18411.91,USD,2025-10-14T00:00:00Z
BL-0000483,2025-10,2025-10-01,2025-10-31,GPU-027,TEAM-DOC,CTR-2025-127,UnusedCommitment,Reserved,6022.73,1.5467,9315.36,0,9315.36,USD,2025-10-14T00:00:00Z
BL-0000484,2025-11,2025-11-01,2025-11-30,GPU-027,TEAM-DOC,CTR-2025-127,Usage,Reserved,11520.0,2.3435,26997.12,9179.14,17817.98,USD,2025-11-08T00:00:00Z
BL-0000485,2025-11,2025-11-01,2025-11-30,GPU-027,TEAM-DOC,CTR-2025-127,UnusedCommitment,Reserved,3609.58,1.5467,5582.93,0,5582.93,USD,2025-11-08T00:00:00Z
BL-0000486,2025-12,2025-12-01,2025-12-31,GPU-027,TEAM-DOC,CTR-2025-127,Usage,Reserved,11904.0,2.3435,27897.02,9485.11,18411.91,USD,2025-12-12T00:00:00Z
BL-0000487,2025-12,2025-12-01,2025-12-31,GPU-027,TEAM-DOC,CTR-2025-127,UnusedCommitment,Reserved,7526.24,1.5467,11640.83,0,11640.83,USD,2025-12-12T00:00:00Z
BL-0000488,2026-02,2026-01-01,2026-01-31,GPU-027,TEAM-DOC,CTR-2025-127,Usage,Reserved,11904.0,2.3435,27897.02,9485.11,18411.91,USD,2026-02-14T00:00:00Z
BL-0000489,2026-02,2026-01-01,2026-01-31,GPU-027,TEAM-DOC,CTR-2025-127,UnusedCommitment,Reserved,7989.59,1.5467,12357.5,0,12357.5,USD,2026-02-14T00:00:00Z
BL-0000490,2026-02,2026-02-01,2026-02-28,GPU-027,TEAM-DOC,CTR-2025-127,Usage,Reserved,10752.0,2.3435,25197.31,8567.19,16630.12,USD,2026-02-12T00:00:00Z
BL-0000491,2026-02,2026-02-01,2026-02-28,GPU-027,TEAM-DOC,CTR-2025-127,UnusedCommitment,Reserved,3274.89,1.5467,5065.28,0,5065.28,USD,2026-02-12T00:00:00Z
BL-0000492,2026-03,2026-03-01,2026-03-31,GPU-027,TEAM-DOC,CTR-2025-127,Usage,Reserved,11904.0,2.3435,27897.02,9485.11,18411.91,USD,2026-03-12T00:00:00Z
BL-0000493,2026-03,2026-03-01,2026-03-31,GPU-027,TEAM-DOC,CTR-2025-127,UnusedCommitment,Reserved,4245.41,1.5467,6566.38,0,6566.38,USD,2026-03-12T00:00:00Z
BL-0000494,2026-04,2026-04-01,2026-04-30,GPU-027,TEAM-DOC,CTR-2025-127,Usage,Reserved,11520.0,2.3435,26997.12,9179.14,17817.98,USD,2026-04-08T00:00:00Z
BL-0000495,2026-04,2026-04-01,2026-04-30,GPU-027,TEAM-DOC,CTR-2025-127,UnusedCommitment,Reserved,8429.12,1.5467,13037.32,0,13037.32,USD,2026-04-08T00:00:00Z
BL-0000496,2026-05,2026-05-01,2026-05-31,GPU-027,TEAM-DOC,CTR-2025-127,Usage,Reserved,11904.0,2.3435,27897.02,9485.11,18411.91,USD,2026-05-06T00:00:00Z
BL-0000497,2026-05,2026-05-01,2026-05-31,GPU-027,TEAM-DOC,CTR-2025-127,UnusedCommitment,Reserved,5409.75,1.5467,8367.27,0,8367.27,USD,2026-05-06T00:00:00Z
BL-0000498,2026-06,2026-06-01,2026-06-30,GPU-027,TEAM-DOC,CTR-2025-127,Usage,Reserved,11520.0,2.3435,26997.12,9179.14,17817.98,USD,2026-06-08T00:00:00Z
BL-0000499,2026-06,2026-06-01,2026-06-30,GPU-027,TEAM-DOC,CTR-2025-127,UnusedCommitment,Reserved,2092.97,1.5467,3237.2,0,3237.2,USD,2026-06-08T00:00:00Z
BL-0000500,2026-08,2026-06-01,2026-06-30,GPU-027,TEAM-DOC,CTR-2025-127,Adjustment,Reserved,,,-601.27,0,-601.27,USD,2026-08-08T12:00:00Z
BL-0000501,2026-07,2026-07-01,2026-07-31,GPU-027,TEAM-DOC,CTR-2025-127,Usage,Reserved,11904.0,2.3435,27897.02,9485.11,18411.91,USD,2026-07-10T00:00:00Z
BL-0000502,2026-07,2026-07-01,2026-07-31,GPU-027,TEAM-DOC,CTR-2025-127,UnusedCommitment,Reserved,6720.41,1.5467,10394.46,0,10394.46,USD,2026-07-10T00:00:00Z
BL-0000503,2025-08,2025-08-01,2025-08-31,GPU-028,TEAM-DOC,CTR-2024-128,Usage,SavingsPlan,23808.0,3.379,80447.23,19308.29,61138.94,USD,2025-08-07T00:00:00Z
BL-0000504,2025-08,2025-08-01,2025-08-31,GPU-028,TEAM-DOC,CTR-2024-128,UnusedCommitment,SavingsPlan,13539.75,2.568,34770.08,0,34770.08,USD,2025-08-07T00:00:00Z
BL-0000505,2025-09,2025-09-01,2025-09-30,gpu_028,TEAM-DOC,CTR-2024-128,Usage,SavingsPlan,23040.0,3.379,77852.16,18685.44,59166.72,USD,2025-09-09T00:00:00Z
BL-0000506,2025-09,2025-09-01,2025-09-30,gpu_028,TEAM-DOC,CTR-2024-128,UnusedCommitment,SavingsPlan,12465.8,2.568,32012.18,0,32012.18,USD,2025-09-09T00:00:00Z
BL-0000507,2025-11,2025-09-01,2025-09-30,gpu_028,TEAM-DOC,CTR-2024-128,Adjustment,SavingsPlan,,,1048.05,0,1048.05,USD,2025-11-08T12:00:00Z
BL-0000508,2025-10,2025-10-01,2025-10-31,GPU-028,TEAM-DOC,CTR-2024-128,Usage,SavingsPlan,23808.0,3.379,80447.23,19308.29,61138.94,USD,2025-10-06T00:00:00Z
BL-0000509,2025-10,2025-10-01,2025-10-31,GPU-028,TEAM-DOC,CTR-2024-128,UnusedCommitment,SavingsPlan,13146.99,2.568,33761.48,0,33761.48,USD,2025-10-06T00:00:00Z
BL-0000510,2025-11,2025-11-01,2025-11-30,GPU-028,TEAM-DOC,CTR-2024-128,Usage,SavingsPlan,23040.0,3.379,77852.16,18685.44,59166.72,USD,2025-11-08T00:00:00Z
BL-0000511,2025-11,2025-11-01,2025-11-30,GPU-028,TEAM-DOC,CTR-2024-128,UnusedCommitment,SavingsPlan,12578.37,2.568,32301.24,0,32301.24,USD,2025-11-08T00:00:00Z
BL-0000512,2025-12,2025-12-01,2025-12-31,GPU-028,TEAM-DOC,CTR-2024-128,Usage,SavingsPlan,23808.0,3.379,80447.23,19308.29,61138.94,USD,2025-12-07T00:00:00Z
BL-0000513,2025-12,2025-12-01,2025-12-31,GPU-028,TEAM-DOC,CTR-2024-128,UnusedCommitment,SavingsPlan,12065.59,2.568,30984.44,0,30984.44,USD,2025-12-07T00:00:00Z
BL-0000514,2026-01,2026-01-01,2026-01-31,GPU-028,TEAM-DOC,CTR-2024-128,Usage,SavingsPlan,23808.0,3.379,80447.23,19308.29,61138.94,USD,2026-01-07T00:00:00Z
BL-0000515,2026-01,2026-01-01,2026-01-31,GPU-028,TEAM-DOC,CTR-2024-128,UnusedCommitment,SavingsPlan,12416.44,2.568,31885.42,0,31885.42,USD,2026-01-07T00:00:00Z
BL-0000516,2026-02,2026-02-01,2026-02-28,GPU-028,TEAM-DOC,CTR-2024-128,Usage,SavingsPlan,21504.0,3.379,72662.02,17439.74,55222.28,USD,2026-02-09T00:00:00Z
BL-0000517,2026-02,2026-02-01,2026-02-28,GPU-028,TEAM-DOC,CTR-2024-128,UnusedCommitment,SavingsPlan,11294.02,2.568,29003.03,0,29003.03,USD,2026-02-09T00:00:00Z
BL-0000518,2026-03,2026-03-01,2026-03-31,GPU-028,TEAM-DOC,CTR-2024-128,Usage,SavingsPlan,23808.0,3.379,80447.23,19308.29,61138.94,USD,2026-03-14T00:00:00Z
BL-0000519,2026-03,2026-03-01,2026-03-31,GPU-028,TEAM-DOC,CTR-2024-128,UnusedCommitment,SavingsPlan,11282.84,2.568,28974.33,0,28974.33,USD,2026-03-14T00:00:00Z
BL-0000520,2026-04,2026-04-01,2026-04-30,GPU-028,TEAM-DOC,CTR-2024-128,Usage,SavingsPlan,23040.0,3.379,77852.16,18685.44,59166.72,USD,2026-04-06T00:00:00Z
BL-0000521,2026-04,2026-04-01,2026-04-30,GPU-028,TEAM-DOC,CTR-2024-128,UnusedCommitment,SavingsPlan,11361.81,2.568,29177.13,0,29177.13,USD,2026-04-06T00:00:00Z
BL-0000522,2026-05,2026-05-01,2026-05-31,GPU-028,TEAM-DOC,CTR-2024-128,Usage,SavingsPlan,23808.0,3.379,80447.23,19308.29,61138.94,USD,2026-05-11T00:00:00Z
BL-0000523,2026-05,2026-05-01,2026-05-31,GPU-028,TEAM-DOC,CTR-2024-128,UnusedCommitment,SavingsPlan,11349.78,2.568,29146.24,0,29146.24,USD,2026-05-11T00:00:00Z
BL-0000524,2026-06,2026-06-01,2026-06-30,GPU-028,,CTR-2024-128,Usage,SavingsPlan,23040.0,3.379,77852.16,18685.44,59166.72,USD,2026-06-07T00:00:00Z
BL-0000525,2026-06,2026-06-01,2026-06-30,GPU-028,,CTR-2024-128,UnusedCommitment,SavingsPlan,10371.9,2.568,26635.03,0,26635.03,USD,2026-06-07T00:00:00Z
BL-0000526,2026-07,2026-07-01,2026-07-31,GPU-028,,CTR-2024-128,Usage,SavingsPlan,23808.0,3.379,80447.23,19308.29,61138.94,USD,2026-07-06T00:00:00Z
BL-0000527,2026-07,2026-07-01,2026-07-31,GPU-028,,CTR-2024-128,UnusedCommitment,SavingsPlan,10889.27,2.568,27963.63,0,27963.63,USD,2026-07-06T00:00:00Z
BL-0000528,2025-08,2025-08-01,2025-08-31,GPU-029,TEAM-DOC,,Usage,OnDemand,3370.0,4.6325,15611.53,0,15611.53,USD,2025-08-08T00:00:00Z
BL-0000529,2025-09,2025-09-01,2025-09-30,GPU-029,TEAM-DOC,,Usage,OnDemand,3421.0,4.6325,15847.78,0,15847.78,USD,2025-09-10T00:00:00Z
BL-0000530,2025-10,2025-10-01,2025-10-31,GPU-029,TEAM-DOC,,Usage,OnDemand,3501.0,4.6325,16218.38,0,16218.38,USD,2025-10-14T00:00:00Z
BL-0000531,2025-11,2025-11-01,2025-11-30,GPU-029,TEAM-DOC,,Usage,OnDemand,3475.0,4.6325,16097.94,0,16097.94,USD,2025-11-06T00:00:00Z
BL-0000532,2025-12,2025-12-01,2025-12-31,GPU-029,TEAM-DOC,,Usage,OnDemand,3806.0,4.6325,17631.3,0,17631.3,USD,2025-12-09T00:00:00Z
BL-0000533,2026-01,2026-01-01,2026-01-31,GPU-029,TEAM-DOC,,Usage,OnDemand,3749.0,4.6325,17367.24,0,17367.24,USD,2026-01-06T00:00:00Z
BL-0000534,2026-02,2026-02-01,2026-02-28,GPU-029,TEAM-DOC,,Usage,OnDemand,3354.0,4.6325,15537.41,0,15537.41,USD,2026-02-07T00:00:00Z
BL-0000535,2026-04,2026-02-01,2026-02-28,GPU-029,TEAM-DOC,,Adjustment,OnDemand,,,302.64,0,302.64,USD,2026-04-08T12:00:00Z
BL-0000536,2026-03,2026-03-01,2026-03-31,GPU-029,TEAM-DOC,,Usage,OnDemand,4003.0,4.6325,18543.9,0,18543.9,USD,2026-03-07T00:00:00Z
BL-0000537,2026-04,2026-04-01,2026-04-30,GPU-029,TEAM-DOC,,Usage,OnDemand,3761.0,4.6325,17422.83,0,17422.83,USD,2026-04-12T00:00:00Z
BL-0000538,2026-05,2026-05-01,2026-05-31,GPU-029,TEAM-DOC,,Usage,OnDemand,4006.0,4.6325,18557.8,0,18557.8,USD,2026-05-14T00:00:00Z
BL-0000539,2026-06,2026-06-01,2026-06-30,GPU-029,TEAM-DOC,,Usage,OnDemand,3985.0,4.6325,18460.51,0,18460.51,USD,2026-06-06T00:00:00Z
BL-0000540,2026-07,2026-07-01,2026-07-31,GPU-029,TEAM-DOC,,Usage,OnDemand,4111.0,4.6325,19044.21,0,19044.21,USD,2026-07-14T00:00:00Z
BL-0000541,2025-08,2025-08-01,2025-08-31,GPU-030,TEAM-DOC,,Usage,Owned,11904.0,2.3435,27897.02,11717.11,16179.91,USD,2025-08-08T00:00:00Z
BL-0000542,2025-09,2025-09-01,2025-09-30,GPU-030,TEAM-DOC,,Usage,Owned,11520.0,2.3435,26997.12,11339.14,15657.98,USD,2025-09-11T00:00:00Z
BL-0000543,2025-10,2025-10-01,2025-10-31,GPU-030,TEAM-DOC,,Usage,Owned,11904.0,2.3435,27897.02,11717.11,16179.91,USD,2025-10-12T00:00:00Z
BL-0000544,2025-11,2025-11-01,2025-11-30,GPU-030,TEAM-DOC,,Usage,Owned,11520.0,2.3435,26997.12,11339.14,15657.98,USD,2025-11-06T00:00:00Z
BL-0000545,2025-12,2025-12-01,2025-12-31,GPU-030,TEAM-DOC,,Usage,Owned,11904.0,2.3435,27897.02,11717.11,16179.91,USD,2025-12-11T00:00:00Z
BL-0000546,2026-01,2026-01-01,2026-01-31,GPU-030,TEAM-DOC,,Usage,Owned,11904.0,2.3435,27897.02,11717.11,16179.91,USD,2026-01-08T00:00:00Z
BL-0000547,2026-02,2026-02-01,2026-02-28,GPU-030,TEAM-DOC,,Usage,Owned,10752.0,2.3435,25197.31,10583.19,14614.12,USD,2026-02-10T00:00:00Z
BL-0000548,2026-03,2026-03-01,2026-03-31,GPU-030,TEAM-DOC,,Usage,Owned,11904.0,2.3435,27897.02,11717.11,16179.91,USD,2026-03-08T00:00:00Z
BL-0000549,2026-04,2026-04-01,2026-04-30,GPU-030,TEAM-DOC,,Usage,Owned,11520.0,2.3435,26997.12,11339.14,15657.98,USD,2026-04-06T00:00:00Z
BL-0000550,2026-05,2026-05-01,2026-05-31,GPU-030,TEAM-DOC,,Usage,Owned,11904.0,2.3435,27897.02,11717.11,16179.91,USD,2026-05-08T00:00:00Z
BL-0000551,2026-07,2026-05-01,2026-05-31,GPU-030,TEAM-DOC,,Adjustment,Owned,,,549.52,0,549.52,USD,2026-07-08T12:00:00Z
BL-0000552,2026-06,2026-06-01,2026-06-30,GPU-030,TEAM-DOC,,Usage,Owned,11520.0,2.3435,26997.12,11339.14,15657.98,USD,2026-06-09T00:00:00Z
BL-0000553,2026-07,2026-07-01,2026-07-31,GPU-030,TEAM-DOC,,Usage,Owned,11904.0,2.3435,27897.02,11717.11,16179.91,USD,2026-07-13T00:00:00Z
BL-0000554,2025-08,2025-08-01,2025-08-31,GPU-031,TEAM-DOC,CTR-2025-131,Usage,Reserved,23808.0,3.379,80447.23,27353.01,53094.22,USD,2025-08-11T00:00:00Z
BL-0000555,2025-08,2025-08-01,2025-08-31,GPU-031,TEAM-DOC,CTR-2025-131,UnusedCommitment,Reserved,13526.86,2.2301,30166.25,0,30166.25,USD,2025-08-11T00:00:00Z
BL-0000556,2025-09,2025-09-01,2025-09-30,GPU-031,TEAM-DOC,CTR-2025-131,Usage,Reserved,23040.0,3.379,77852.16,26470.66,51381.5,USD,2025-09-08T00:00:00Z
BL-0000557,2025-09,2025-09-01,2025-09-30,GPU-031,TEAM-DOC,CTR-2025-131,UnusedCommitment,Reserved,12518.48,2.2301,27917.47,0,27917.47,USD,2025-09-08T00:00:00Z
BL-0000558,2025-10,2025-10-01,2025-10-31,GPU-031,TEAM-DOC,CTR-2025-131,Usage,Reserved,23808.0,3.379,80447.23,27353.01,53094.22,USD,2025-10-13T00:00:00Z
BL-0000559,2025-10,2025-10-01,2025-10-31,GPU-031,TEAM-DOC,CTR-2025-131,UnusedCommitment,Reserved,13220.96,2.2301,29484.07,0,29484.07,USD,2025-10-13T00:00:00Z
BL-0000560,2025-12,2025-10-01,2025-10-31,GPU-031,TEAM-DOC,CTR-2025-131,Adjustment,Reserved,,,842.03,0,842.03,USD,2025-12-08T12:00:00Z
BL-0000561,2025-11,2025-11-01,2025-11-30,GPU-031,,CTR-2025-131,Usage,Reserved,23040.0,3.379,77852.16,26470.66,51381.5,USD,2025-11-07T00:00:00Z
BL-0000562,2025-11,2025-11-01,2025-11-30,GPU-031,,CTR-2025-131,UnusedCommitment,Reserved,12553.45,2.2301,27995.46,0,27995.46,USD,2025-11-07T00:00:00Z
BL-0000563,2026-01,2025-12-01,2025-12-31,GPU-031,TEAM-DOC,CTR-2025-131,Usage,Reserved,23808.0,3.379,80447.23,27353.01,53094.22,USD,2026-01-14T00:00:00Z
BL-0000564,2026-01,2025-12-01,2025-12-31,GPU-031,TEAM-DOC,CTR-2025-131,UnusedCommitment,Reserved,12040.94,2.2301,26852.5,0,26852.5,USD,2026-01-14T00:00:00Z
BL-0000565,2026-01,2026-01-01,2026-01-31,GPU-031,TEAM-DOC,CTR-2025-131,Usage,Reserved,23808.0,3.379,80447.23,27353.01,53094.22,USD,2026-01-14T00:00:00Z
BL-0000566,2026-01,2026-01-01,2026-01-31,GPU-031,TEAM-DOC,CTR-2025-131,UnusedCommitment,Reserved,12438.67,2.2301,27739.47,0,27739.47,USD,2026-01-14T00:00:00Z
BL-0000567,2026-02,2026-02-01,2026-02-28,GPU-031,TEAM-DOC,CTR-2025-131,Usage,Reserved,21504.0,3.379,72662.02,24705.95,47956.07,USD,2026-02-10T00:00:00Z
BL-0000568,2026-02,2026-02-01,2026-02-28,GPU-031,TEAM-DOC,CTR-2025-131,UnusedCommitment,Reserved,11197.74,2.2301,24972.09,0,24972.09,USD,2026-02-10T00:00:00Z
BL-0000569,2026-04,2026-03-01,2026-03-31,GPU-031,,CTR-2025-131,Usage,Reserved,23808.0,3.379,80447.23,27353.01,53094.22,USD,2026-04-06T00:00:00Z
BL-0000570,2026-04,2026-03-01,2026-03-31,GPU-031,,CTR-2025-131,UnusedCommitment,Reserved,11232.89,2.2301,25050.47,0,25050.47,USD,2026-04-06T00:00:00Z
BL-0000571,2026-04,2026-04-01,2026-04-30,GPU-031,TEAM-DOC,CTR-2025-131,Usage,Reserved,23040.0,3.379,77852.16,26470.66,51381.5,USD,2026-04-10T00:00:00Z
BL-0000572,2026-04,2026-04-01,2026-04-30,GPU-031,TEAM-DOC,CTR-2025-131,UnusedCommitment,Reserved,11413.85,2.2301,25454.02,0,25454.02,USD,2026-04-10T00:00:00Z
BL-0000573,2026-05,2026-05-01,2026-05-31,GPU-031,TEAM-DOC,CTR-2025-131,Usage,Reserved,23808.0,3.379,80447.23,27353.01,53094.22,USD,2026-05-08T00:00:00Z
BL-0000574,2026-05,2026-05-01,2026-05-31,GPU-031,TEAM-DOC,CTR-2025-131,UnusedCommitment,Reserved,11385.61,2.2301,25391.05,0,25391.05,USD,2026-05-08T00:00:00Z
BL-0000575,2026-06,2026-06-01,2026-06-30,GPU-031,TEAM-DOC,CTR-2025-131,Usage,Reserved,23040.0,3.379,77852.16,26470.66,51381.5,USD,2026-06-10T00:00:00Z
BL-0000576,2026-06,2026-06-01,2026-06-30,GPU-031,TEAM-DOC,CTR-2025-131,UnusedCommitment,Reserved,10338.2,2.2301,23055.22,0,23055.22,USD,2026-06-10T00:00:00Z
BL-0000577,2026-07,2026-07-01,2026-07-31,GPU-031,TEAM-DOC,CTR-2025-131,Usage,Reserved,23808.0,3.379,80447.23,27353.01,53094.22,USD,2026-07-14T00:00:00Z
BL-0000578,2026-07,2026-07-01,2026-07-31,GPU-031,TEAM-DOC,CTR-2025-131,UnusedCommitment,Reserved,10869.78,2.2301,24240.69,0,24240.69,USD,2026-07-14T00:00:00Z
BL-0000579,2025-08,2025-08-01,2025-08-31,GPU-032,TEAM-DOC,CTR-2024-132,Usage,SavingsPlan,5952.0,4.6325,27572.64,6617.43,20955.21,USD,2025-08-06T00:00:00Z
BL-0000580,2025-08,2025-08-01,2025-08-31,GPU-032,TEAM-DOC,CTR-2024-132,UnusedCommitment,SavingsPlan,3400.64,3.5207,11972.64,0,11972.64,USD,2025-08-06T00:00:00Z
BL-0000581,2025-09,2025-09-01,2025-09-30,GPU-032,TEAM-DOC,CTR-2024-132,Usage,SavingsPlan,5760.0,4.6325,26683.2,6403.97,20279.23,USD,2025-09-13T00:00:00Z
BL-0000582,2025-09,2025-09-01,2025-09-30,GPU-032,TEAM-DOC,CTR-2024-132,UnusedCommitment,SavingsPlan,3126.39,3.5207,11007.07,0,11007.07,USD,2025-09-13T00:00:00Z
BL-0000583,2025-10,2025-10-01,2025-10-31,GPU-032,TEAM-DOC,CTR-2024-132,Usage,SavingsPlan,5952.0,4.6325,27572.64,6617.43,20955.21,USD,2025-10-10T00:00:00Z
BL-0000584,2025-10,2025-10-01,2025-10-31,GPU-032,TEAM-DOC,CTR-2024-132,UnusedCommitment,SavingsPlan,3283.61,3.5207,11560.59,0,11560.59,USD,2025-10-10T00:00:00Z
BL-0000585,2025-11,2025-11-01,2025-11-30,GPU-032,TEAM-DOC,CTR-2024-132,Usage,SavingsPlan,5760.0,4.6325,26683.2,6403.97,20279.23,USD,2025-11-14T00:00:00Z
BL-0000586,2025-11,2025-11-01,2025-11-30,GPU-032,TEAM-DOC,CTR-2024-132,UnusedCommitment,SavingsPlan,3128.92,3.5207,11015.99,0,11015.99,USD,2025-11-14T00:00:00Z
BL-0000587,2025-12,2025-12-01,2025-12-31,GPU-032,TEAM-DOC,CTR-2024-132,Usage,SavingsPlan,5952.0,4.6325,27572.64,6617.43,20955.21,USD,2025-12-10T00:00:00Z
BL-0000588,2025-12,2025-12-01,2025-12-31,GPU-032,TEAM-DOC,CTR-2024-132,UnusedCommitment,SavingsPlan,2995.31,3.5207,10545.58,0,10545.58,USD,2025-12-10T00:00:00Z
BL-0000589,2026-01,2026-01-01,2026-01-31,GPU-032,TEAM-DOC,CTR-2024-132,Usage,SavingsPlan,5952.0,4.6325,27572.64,6617.43,20955.21,USD,2026-01-12T00:00:00Z
BL-0000590,2026-01,2026-01-01,2026-01-31,GPU-032,TEAM-DOC,CTR-2024-132,UnusedCommitment,SavingsPlan,3101.23,3.5207,10918.49,0,10918.49,USD,2026-01-12T00:00:00Z
BL-0000591,2026-02,2026-02-01,2026-02-28,GPU-032,TEAM-DOC,CTR-2024-132,Usage,SavingsPlan,5376.0,4.6325,24904.32,5977.04,18927.28,USD,2026-02-09T00:00:00Z
BL-0000592,2026-02,2026-02-01,2026-02-28,GPU-032,TEAM-DOC,CTR-2024-132,UnusedCommitment,SavingsPlan,2829.19,3.5207,9960.73,0,9960.73,USD,2026-02-09T00:00:00Z
BL-0000593,2026-03,2026-03-01,2026-03-31,GPU-032,TEAM-DOC,CTR-2024-132,Usage,SavingsPlan,5952.0,4.6325,27572.64,6617.43,20955.21,USD,2026-03-07T00:00:00Z
BL-0000594,2026-03,2026-03-01,2026-03-31,GPU-032,TEAM-DOC,CTR-2024-132,UnusedCommitment,SavingsPlan,2819.82,3.5207,9927.76,0,9927.76,USD,2026-03-07T00:00:00Z
BL-0000595,2026-04,2026-04-01,2026-04-30,GPU-032,TEAM-DOC,CTR-2024-132,Usage,SavingsPlan,5760.0,4.6325,26683.2,6403.97,20279.23,USD,2026-04-11T00:00:00Z
BL-0000596,2026-04,2026-04-01,2026-04-30,GPU-032,TEAM-DOC,CTR-2024-132,UnusedCommitment,SavingsPlan,2848.58,3.5207,10028.99,0,10028.99,USD,2026-04-11T00:00:00Z
BL-0000597,2026-05,2026-05-01,2026-05-31,GPU-032,TEAM-DOC,CTR-2024-132,Usage,SavingsPlan,5952.0,4.6325,27572.64,6617.43,20955.21,USD,2026-05-07T00:00:00Z
BL-0000598,2026-05,2026-05-01,2026-05-31,GPU-032,TEAM-DOC,CTR-2024-132,UnusedCommitment,SavingsPlan,2828.72,3.5207,9959.07,0,9959.07,USD,2026-05-07T00:00:00Z
BL-0000599,2026-06,2026-06-01,2026-06-30,GPU-032,TEAM-DOC,CTR-2024-132,Usage,SavingsPlan,5760.0,4.6325,26683.2,6403.97,20279.23,USD,2026-06-09T00:00:00Z
BL-0000600,2026-06,2026-06-01,2026-06-30,GPU-032,TEAM-DOC,CTR-2024-132,UnusedCommitment,SavingsPlan,2599.52,3.5207,9152.14,0,9152.14,USD,2026-06-09T00:00:00Z
BL-0000601,2026-08,2026-07-01,2026-07-31,GPU-032,TEAM-DOC,CTR-2024-132,Usage,SavingsPlan,5952.0,4.6325,27572.64,6617.43,20955.21,USD,2026-08-07T00:00:00Z
BL-0000602,2026-08,2026-07-01,2026-07-31,GPU-032,TEAM-DOC,CTR-2024-132,UnusedCommitment,SavingsPlan,2703.8,3.5207,9519.28,0,9519.28,USD,2026-08-07T00:00:00Z
BL-0000603,2025-08,2025-08-01,2025-08-31,GPU-033,TEAM-DOC,,Usage,OnDemand,8249.0,2.3435,19331.53,0,19331.53,USD,2025-08-13T00:00:00Z
BL-0000604,2025-10,2025-09-01,2025-09-30,GPU-033,TEAM-DOC,,Usage,OnDemand,3818.0,2.3435,8947.48,0,8947.48,USD,2025-10-06T00:00:00Z
BL-0000605,2025-10,2025-10-01,2025-10-31,GPU-033,TEAM-DOC,,Usage,OnDemand,6430.0,2.3435,15068.71,0,15068.71,USD,2025-10-10T00:00:00Z
BL-0000606,2025-12,2025-11-01,2025-11-30,GPU-033,,,Usage,OnDemand,9719.0,2.3435,22776.48,0,22776.48,USD,2025-12-07T00:00:00Z
BL-0000607,2025-12,2025-12-01,2025-12-31,GPU-033,TEAM-DOC,,Usage,OnDemand,6416.0,2.3435,15035.9,0,15035.9,USD,2025-12-13T00:00:00Z
BL-0000608,2026-01,2026-01-01,2026-01-31,GPU-033,TEAM-DOC,,Usage,OnDemand,4402.0,2.3435,10316.09,0,10316.09,USD,2026-01-13T00:00:00Z
BL-0000609,2026-02,2026-02-01,2026-02-28,GPU-033,TEAM-DOC,,Usage,OnDemand,8275.0,2.3435,19392.46,0,19392.46,USD,2026-02-13T00:00:00Z
BL-0000610,2026-03,2026-03-01,2026-03-31,GPU-033,TEAM-DOC,,Usage,OnDemand,10253.0,2.3435,24027.91,0,24027.91,USD,2026-03-14T00:00:00Z
BL-0000611,2026-04,2026-04-01,2026-04-30,GPU-033,TEAM-DOC,,Usage,OnDemand,4345.0,2.3435,10182.51,0,10182.51,USD,2026-04-06T00:00:00Z
BL-0000612,2026-05,2026-05-01,2026-05-31,GPU-033,TEAM-DOC,,Usage,OnDemand,6948.0,2.3435,16282.64,0,16282.64,USD,2026-05-08T00:00:00Z
BL-0000613,2026-06,2026-06-01,2026-06-30,GPU-033,TEAM-DOC,,Usage,OnDemand,10857.0,2.3435,25443.38,0,25443.38,USD,2026-06-11T00:00:00Z
BL-0000614,2026-07,2026-07-01,2026-07-31,GPU-033,TEAM-DOC,,Usage,OnDemand,7512.0,2.3435,17604.37,0,17604.37,USD,2026-07-06T00:00:00Z
BL-0000615,2025-08,2025-08-01,2025-08-31,GPU-034,TEAM-DOC,,Usage,Owned,23808.0,3.379,80447.23,33788.31,46658.92,USD,2025-08-10T00:00:00Z
BL-0000616,2025-10,2025-09-01,2025-09-30,GPU-034,TEAM-DOC,,Usage,Owned,23040.0,3.379,77852.16,32698.37,45153.79,USD,2025-10-11T00:00:00Z
BL-0000617,2025-10,2025-10-01,2025-10-31,GPU-034,TEAM-DOC,,Usage,Owned,23808.0,3.379,80447.23,33788.31,46658.92,USD,2025-10-07T00:00:00Z
BL-0000618,2025-11,2025-11-01,2025-11-30,GPU-034,TEAM-DOC,,Usage,Owned,23040.0,3.379,77852.16,32698.37,45153.79,USD,2025-11-09T00:00:00Z
BL-0000619,2025-12,2025-12-01,2025-12-31,GPU-034,TEAM-DOC,,Usage,Owned,23808.0,3.379,80447.23,33788.31,46658.92,USD,2025-12-09T00:00:00Z
BL-0000620,2026-02,2025-12-01,2025-12-31,GPU-034,TEAM-DOC,,Adjustment,Owned,,,-1095.7,0,-1095.7,USD,2026-02-08T12:00:00Z
BL-0000621,2026-01,2026-01-01,2026-01-31,gpu_034,,,Usage,Owned,23808.0,3.379,80447.23,33788.31,46658.92,USD,2026-01-12T00:00:00Z
BL-0000622,2026-02,2026-02-01,2026-02-28,GPU-034,TEAM-DOC,,Usage,Owned,21504.0,3.379,72662.02,30518.48,42143.54,USD,2026-02-14T00:00:00Z
BL-0000623,2026-03,2026-03-01,2026-03-31,GPU-034,TEAM-DOC,,Usage,Owned,23808.0,3.379,80447.23,33788.31,46658.92,USD,2026-03-13T00:00:00Z
BL-0000624,2026-04,2026-04-01,2026-04-30,GPU-034,TEAM-DOC,,Usage,Owned,23040.0,3.379,77852.16,32698.37,45153.79,USD,2026-04-08T00:00:00Z
BL-0000625,2026-05,2026-05-01,2026-05-31,GPU-034,TEAM-DOC,,Usage,Owned,23808.0,3.379,80447.23,33788.31,46658.92,USD,2026-05-06T00:00:00Z
BL-0000626,2026-06,2026-06-01,2026-06-30,GPU-034,TEAM-DOC,,Usage,Owned,23040.0,3.379,77852.16,32698.37,45153.79,USD,2026-06-11T00:00:00Z
BL-0000627,2026-07,2026-07-01,2026-07-31,GPU-034,TEAM-DOC,,Usage,Owned,23808.0,3.379,80447.23,33788.31,46658.92,USD,2026-07-10T00:00:00Z
BL-0000628,2026-09,2026-07-01,2026-07-31,GPU-034,TEAM-DOC,,Adjustment,Owned,,,1516.77,0,1516.77,USD,2026-09-08T12:00:00Z
BL-0000629,2025-08,2025-08-01,2025-08-31,GPU-035,TEAM-MIP,CTR-2025-135,Usage,Reserved,23808.0,2.3435,55794.05,18970.21,36823.84,USD,2025-08-07T00:00:00Z
BL-0000630,2025-08,2025-08-01,2025-08-31,GPU-035,TEAM-MIP,CTR-2025-135,UnusedCommitment,Reserved,21875.36,1.5467,33834.61,0,33834.61,USD,2025-08-07T00:00:00Z
BL-0000631,2025-09,2025-09-01,2025-09-30,GPU-035,TEAM-MIP,CTR-2025-135,Usage,Reserved,23040.0,2.3435,53994.24,18358.27,35635.97,USD,2025-09-12T00:00:00Z
BL-0000632,2025-09,2025-09-01,2025-09-30,GPU-035,TEAM-MIP,CTR-2025-135,UnusedCommitment,Reserved,21130.58,1.5467,32682.67,0,32682.67,USD,2025-09-12T00:00:00Z
BL-0000633,2025-10,2025-10-01,2025-10-31,GPU-035,TEAM-MIP,CTR-2025-135,Usage,Reserved,23808.0,2.3435,55794.05,18970.21,36823.84,USD,2025-10-09T00:00:00Z
BL-0000634,2025-10,2025-10-01,2025-10-31,GPU-035,TEAM-MIP,CTR-2025-135,UnusedCommitment,Reserved,21800.62,1.5467,33719.02,0,33719.02,USD,2025-10-09T00:00:00Z
BL-0000635,2025-11,2025-11-01,2025-11-30,GPU-035,TEAM-MIP,CTR-2025-135,Usage,Reserved,23040.0,2.3435,53994.24,18358.27,35635.97,USD,2025-11-08T00:00:00Z
BL-0000636,2025-11,2025-11-01,2025-11-30,GPU-035,TEAM-MIP,CTR-2025-135,UnusedCommitment,Reserved,21022.58,1.5467,32515.63,0,32515.63,USD,2025-11-08T00:00:00Z
BL-0000637,2025-12,2025-12-01,2025-12-31,GPU-035,TEAM-MIP,CTR-2025-135,Usage,Reserved,23808.0,2.3435,55794.05,18970.21,36823.84,USD,2025-12-11T00:00:00Z
BL-0000638,2025-12,2025-12-01,2025-12-31,GPU-035,TEAM-MIP,CTR-2025-135,UnusedCommitment,Reserved,21690.59,1.5467,33548.84,0,33548.84,USD,2025-12-11T00:00:00Z
BL-0000639,2026-02,2025-12-01,2025-12-31,GPU-035,TEAM-MIP,CTR-2025-135,Adjustment,Reserved,,,1090.21,0,1090.21,USD,2026-02-08T12:00:00Z
BL-0000640,2026-01,2026-01-01,2026-01-31,GPU-035,TEAM-MIP,CTR-2025-135,Usage,Reserved,23808.0,2.3435,55794.05,18970.21,36823.84,USD,2026-01-09T00:00:00Z
BL-0000641,2026-01,2026-01-01,2026-01-31,GPU-035,TEAM-MIP,CTR-2025-135,UnusedCommitment,Reserved,21607.49,1.5467,33420.3,0,33420.3,USD,2026-01-09T00:00:00Z
BL-0000642,2026-02,2026-02-01,2026-02-28,GPU-035,TEAM-MIP,CTR-2025-135,Usage,Reserved,21504.0,2.3435,50394.62,17134.39,33260.23,USD,2026-02-13T00:00:00Z
BL-0000643,2026-02,2026-02-01,2026-02-28,GPU-035,TEAM-MIP,CTR-2025-135,UnusedCommitment,Reserved,19478.0,1.5467,30126.62,0,30126.62,USD,2026-02-13T00:00:00Z
BL-0000644,2026-04,2026-02-01,2026-02-28,GPU-035,TEAM-MIP,CTR-2025-135,Adjustment,Reserved,,,816.48,0,816.48,USD,2026-04-08T12:00:00Z
BL-0000645,2026-03,2026-03-01,2026-03-31,GPU-035,TEAM-MIP,CTR-2025-135,Usage,Reserved,23808.0,2.3435,55794.05,18970.21,36823.84,USD,2026-03-13T00:00:00Z
BL-0000646,2026-03,2026-03-01,2026-03-31,GPU-035,TEAM-MIP,CTR-2025-135,UnusedCommitment,Reserved,21496.06,1.5467,33247.96,0,33247.96,USD,2026-03-13T00:00:00Z
BL-0000647,2026-04,2026-04-01,2026-04-30,GPU-035,TEAM-MIP,CTR-2025-135,Usage,Reserved,23040.0,2.3435,53994.24,18358.27,35635.97,USD,2026-04-09T00:00:00Z
BL-0000648,2026-04,2026-04-01,2026-04-30,GPU-035,TEAM-MIP,CTR-2025-135,UnusedCommitment,Reserved,20726.87,1.5467,32058.25,0,32058.25,USD,2026-04-09T00:00:00Z
BL-0000649,2026-05,2026-05-01,2026-05-31,GPU-035,TEAM-MIP,CTR-2025-135,Usage,Reserved,23808.0,2.3435,55794.05,18970.21,36823.84,USD,2026-05-12T00:00:00Z
BL-0000650,2026-05,2026-05-01,2026-05-31,GPU-035,TEAM-MIP,CTR-2025-135,UnusedCommitment,Reserved,21375.44,1.5467,33061.4,0,33061.4,USD,2026-05-12T00:00:00Z
BL-0000651,2026-06,2026-06-01,2026-06-30,GPU-035,TEAM-MIP,CTR-2025-135,Usage,Reserved,23040.0,2.3435,53994.24,18358.27,35635.97,USD,2026-06-07T00:00:00Z
BL-0000652,2026-06,2026-06-01,2026-06-30,GPU-035,TEAM-MIP,CTR-2025-135,UnusedCommitment,Reserved,20636.21,1.5467,31918.02,0,31918.02,USD,2026-06-07T00:00:00Z
BL-0000653,2026-07,2026-07-01,2026-07-31,GPU-035,TEAM-MIP,CTR-2025-135,Usage,Reserved,23808.0,2.3435,55794.05,18970.21,36823.84,USD,2026-07-07T00:00:00Z
BL-0000654,2026-07,2026-07-01,2026-07-31,GPU-035,TEAM-MIP,CTR-2025-135,UnusedCommitment,Reserved,21241.87,1.5467,32854.81,0,32854.81,USD,2026-07-07T00:00:00Z
BL-0000655,2025-08,2025-08-01,2025-08-31,GPU-036,TEAM-MIP,CTR-2024-136,Usage,SavingsPlan,5952.0,3.379,20111.81,4827.07,15284.74,USD,2025-08-07T00:00:00Z
BL-0000656,2025-08,2025-08-01,2025-08-31,GPU-036,TEAM-MIP,CTR-2024-136,UnusedCommitment,SavingsPlan,3920.86,2.568,10068.78,0,10068.78,USD,2025-08-07T00:00:00Z
BL-0000657,2025-09,2025-09-01,2025-09-30,GPU-036,TEAM-MIP,CTR-2024-136,Usage,SavingsPlan,5760.0,3.379,19463.04,4671.36,14791.68,USD,2025-09-14T00:00:00Z
BL-0000658,2025-09,2025-09-01,2025-09-30,GPU-036,TEAM-MIP,CTR-2024-136,UnusedCommitment,SavingsPlan,3724.49,2.568,9564.48,0,9564.48,USD,2025-09-14T00:00:00Z
BL-0000659,2025-10,2025-10-01,2025-10-31,GPU-036,TEAM-MIP,CTR-2024-136,Usage,SavingsPlan,5952.0,3.379,20111.81,4827.07,15284.74,USD,2025-10-14T00:00:00Z
BL-0000660,2025-10,2025-10-01,2025-10-31,GPU-036,TEAM-MIP,CTR-2024-136,UnusedCommitment,SavingsPlan,3794.26,2.568,9743.65,0,9743.65,USD,2025-10-14T00:00:00Z
BL-0000661,2025-11,2025-11-01,2025-11-30,GPU-036,TEAM-MIP,CTR-2024-136,Usage,SavingsPlan,5760.0,3.379,19463.04,4671.36,14791.68,USD,2025-11-09T00:00:00Z
BL-0000662,2025-11,2025-11-01,2025-11-30,GPU-036,TEAM-MIP,CTR-2024-136,UnusedCommitment,SavingsPlan,3642.75,2.568,9354.58,0,9354.58,USD,2025-11-09T00:00:00Z
BL-0000663,2025-12,2025-12-01,2025-12-31,GPU-036,TEAM-MIP,CTR-2024-136,Usage,SavingsPlan,5952.0,3.379,20111.81,4827.07,15284.74,USD,2025-12-06T00:00:00Z
BL-0000664,2025-12,2025-12-01,2025-12-31,GPU-036,TEAM-MIP,CTR-2024-136,UnusedCommitment,SavingsPlan,3667.08,2.568,9417.07,0,9417.07,USD,2025-12-06T00:00:00Z
BL-0000665,2026-01,2026-01-01,2026-01-31,GPU-036,TEAM-MIP,CTR-2024-136,Usage,SavingsPlan,5952.0,3.379,20111.81,4827.07,15284.74,USD,2026-01-08T00:00:00Z
BL-0000666,2026-01,2026-01-01,2026-01-31,GPU-036,TEAM-MIP,CTR-2024-136,UnusedCommitment,SavingsPlan,3621.73,2.568,9300.6,0,9300.6,USD,2026-01-08T00:00:00Z
BL-0000667,2026-02,2026-02-01,2026-02-28,GPU-036,TEAM-MIP,CTR-2024-136,Usage,SavingsPlan,5376.0,3.379,18165.5,4359.94,13805.56,USD,2026-02-11T00:00:00Z
BL-0000668,2026-02,2026-02-01,2026-02-28,GPU-036,TEAM-MIP,CTR-2024-136,UnusedCommitment,SavingsPlan,3211.86,2.568,8248.05,0,8248.05,USD,2026-02-11T00:00:00Z
BL-0000669,2026-04,2026-03-01,2026-03-31,GPU-036,TEAM-MIP,CTR-2024-136,Usage,SavingsPlan,5952.0,3.379,20111.81,4827.07,15284.74,USD,2026-04-12T00:00:00Z
BL-0000670,2026-04,2026-03-01,2026-03-31,GPU-036,TEAM-MIP,CTR-2024-136,UnusedCommitment,SavingsPlan,3488.54,2.568,8958.56,0,8958.56,USD,2026-04-12T00:00:00Z
BL-0000671,2026-04,2026-04-01,2026-04-30,GPU-036,TEAM-MIP,CTR-2024-136,Usage,SavingsPlan,5760.0,3.379,19463.04,4671.36,14791.68,USD,2026-04-06T00:00:00Z
BL-0000672,2026-04,2026-04-01,2026-04-30,GPU-036,TEAM-MIP,CTR-2024-136,UnusedCommitment,SavingsPlan,3304.38,2.568,8485.65,0,8485.65,USD,2026-04-06T00:00:00Z
BL-0000673,2026-05,2026-05-01,2026-05-31,GPU-036,TEAM-MIP,CTR-2024-136,Usage,SavingsPlan,5952.0,3.379,20111.81,4827.07,15284.74,USD,2026-05-09T00:00:00Z
BL-0000674,2026-05,2026-05-01,2026-05-31,GPU-036,TEAM-MIP,CTR-2024-136,UnusedCommitment,SavingsPlan,3366.15,2.568,8644.28,0,8644.28,USD,2026-05-09T00:00:00Z
BL-0000675,2026-06,2026-06-01,2026-06-30,GPU-036,TEAM-MIP,CTR-2024-136,Usage,SavingsPlan,5760.0,3.379,19463.04,4671.36,14791.68,USD,2026-06-10T00:00:00Z
BL-0000676,2026-06,2026-06-01,2026-06-30,GPU-036,TEAM-MIP,CTR-2024-136,UnusedCommitment,SavingsPlan,3168.41,2.568,8136.48,0,8136.48,USD,2026-06-10T00:00:00Z
BL-0000677,2026-07,2026-07-01,2026-07-31,gpu_036,TEAM-MIP,CTR-2024-136,Usage,SavingsPlan,5952.0,3.379,20111.81,4827.07,15284.74,USD,2026-07-11T00:00:00Z
BL-0000678,2026-07,2026-07-01,2026-07-31,gpu_036,TEAM-MIP,CTR-2024-136,UnusedCommitment,SavingsPlan,3196.32,2.568,8208.14,0,8208.14,USD,2026-07-11T00:00:00Z
BL-0000679,2025-08,2025-08-01,2025-08-31,GPU-037,TEAM-MIP,,Usage,OnDemand,5151.0,7.521,38740.67,0,38740.67,USD,2025-08-12T00:00:00Z
BL-0000680,2025-09,2025-09-01,2025-09-30,GPU-037,TEAM-MIP,,Usage,OnDemand,5159.0,7.521,38800.84,0,38800.84,USD,2025-09-08T00:00:00Z
BL-0000681,2025-10,2025-10-01,2025-10-31,GPU-037,,,Usage,OnDemand,5473.0,7.521,41162.43,0,41162.43,USD,2025-10-14T00:00:00Z
BL-0000682,2025-11,2025-11-01,2025-11-30,GPU-037,TEAM-MIP,,Usage,OnDemand,5379.0,7.521,40455.46,0,40455.46,USD,2025-11-13T00:00:00Z
BL-0000683,2025-12,2025-12-01,2025-12-31,GPU-037,TEAM-MIP,,Usage,OnDemand,5803.0,7.521,43644.36,0,43644.36,USD,2025-12-13T00:00:00Z
BL-0000684,2026-01,2026-01-01,2026-01-31,GPU-037,TEAM-MIP,,Usage,OnDemand,5880.0,7.521,44223.48,0,44223.48,USD,2026-01-11T00:00:00Z
BL-0000685,2026-02,2026-02-01,2026-02-28,GPU-037,TEAM-MIP,,Usage,OnDemand,5478.0,7.521,41200.04,0,41200.04,USD,2026-02-07T00:00:00Z
BL-0000686,2026-03,2026-03-01,2026-03-31,GPU-037,TEAM-MIP,,Usage,OnDemand,6183.0,7.521,46502.34,0,46502.34,USD,2026-03-08T00:00:00Z
BL-0000687,2026-04,2026-04-01,2026-04-30,GPU-037,TEAM-MIP,,Usage,OnDemand,6190.0,7.521,46554.99,0,46554.99,USD,2026-04-11T00:00:00Z
BL-0000688,2026-05,2026-05-01,2026-05-31,GPU-037,TEAM-MIP,,Usage,OnDemand,6477.0,7.521,48713.52,0,48713.52,USD,2026-05-12T00:00:00Z
BL-0000689,2026-06,2026-06-01,2026-06-30,GPU-037,TEAM-MIP,,Usage,OnDemand,6511.0,7.521,48969.23,0,48969.23,USD,2026-06-07T00:00:00Z
BL-0000690,2026-08,2026-06-01,2026-06-30,GPU-037,TEAM-MIP,,Adjustment,OnDemand,,,-454.16,0,-454.16,USD,2026-08-08T12:00:00Z
BL-0000691,2026-07,2026-07-01,2026-07-31,GPU-037,TEAM-MIP,,Usage,OnDemand,6904.0,7.521,51924.98,0,51924.98,USD,2026-07-08T00:00:00Z
BL-0000692,2025-08,2025-08-01,2025-08-31,GPU-038,TEAM-MIP,,Usage,Owned,23808.0,4.6325,110290.56,46320.84,63969.72,USD,2025-08-12T00:00:00Z
BL-0000693,2025-09,2025-09-01,2025-09-30,GPU-038,TEAM-MIP,,Usage,Owned,23040.0,4.6325,106732.8,44826.62,61906.18,USD,2025-09-11T00:00:00Z
BL-0000694,2025-10,2025-10-01,2025-10-31,GPU-038,TEAM-MIP,,Usage,Owned,23808.0,4.6325,110290.56,46320.84,63969.72,USD,2025-10-12T00:00:00Z
BL-0000695,2025-11,2025-11-01,2025-11-30,GPU-038,TEAM-MIP,,Usage,Owned,23040.0,4.6325,106732.8,44826.62,61906.18,USD,2025-11-12T00:00:00Z
BL-0000696,2025-12,2025-12-01,2025-12-31,GPU-038,TEAM-MIP,,Usage,Owned,23808.0,4.6325,110290.56,46320.84,63969.72,USD,2025-12-13T00:00:00Z
BL-0000697,2026-01,2026-01-01,2026-01-31,GPU-038,TEAM-MIP,,Usage,Owned,23808.0,4.6325,110290.56,46320.84,63969.72,USD,2026-01-07T00:00:00Z
BL-0000698,2026-02,2026-02-01,2026-02-28,GPU-038,TEAM-MIP,,Usage,Owned,21504.0,4.6325,99617.28,41838.18,57779.1,USD,2026-02-07T00:00:00Z
BL-0000699,2026-03,2026-03-01,2026-03-31,GPU-038,TEAM-MIP,,Usage,Owned,23808.0,4.6325,110290.56,46320.84,63969.72,USD,2026-03-12T00:00:00Z
BL-0000700,2026-04,2026-04-01,2026-04-30,GPU-038,TEAM-MIP,,Usage,Owned,23040.0,4.6325,106732.8,44826.62,61906.18,USD,2026-04-12T00:00:00Z
BL-0000701,2026-05,2026-05-01,2026-05-31,GPU-038,TEAM-MIP,,Usage,Owned,23808.0,4.6325,110290.56,46320.84,63969.72,USD,2026-05-10T00:00:00Z
BL-0000702,2026-06,2026-06-01,2026-06-30,GPU-038,TEAM-MIP,,Usage,Owned,23040.0,4.6325,106732.8,44826.62,61906.18,USD,2026-06-12T00:00:00Z
BL-0000703,2026-07,2026-07-01,2026-07-31,GPU-038,TEAM-MIP,,Usage,Owned,23808.0,4.6325,110290.56,46320.84,63969.72,USD,2026-07-06T00:00:00Z
BL-0000704,2025-08,2025-08-01,2025-08-31,GPU-039,,CTR-2025-139,Usage,Reserved,5952.0,2.3435,13948.51,4742.55,9205.96,USD,2025-08-12T00:00:00Z
BL-0000705,2025-08,2025-08-01,2025-08-31,GPU-039,,CTR-2025-139,UnusedCommitment,Reserved,3914.87,1.5467,6055.13,0,6055.13,USD,2025-08-12T00:00:00Z
BL-0000706,2025-09,2025-09-01,2025-09-30,GPU-039,TEAM-MIP,CTR-2025-139,Usage,Reserved,5760.0,2.3435,13498.56,4589.57,8908.99,USD,2025-09-10T00:00:00Z
BL-0000707,2025-09,2025-09-01,2025-09-30,GPU-039,TEAM-MIP,CTR-2025-139,UnusedCommitment,Reserved,3730.05,1.5467,5769.27,0,5769.27,USD,2025-09-10T00:00:00Z
BL-0000708,2025-10,2025-10-01,2025-10-31,GPU-039,TEAM-MIP,CTR-2025-139,Usage,Reserved,5952.0,2.3435,13948.51,4742.55,9205.96,USD,2025-10-11T00:00:00Z
BL-0000709,2025-10,2025-10-01,2025-10-31,GPU-039,TEAM-MIP,CTR-2025-139,UnusedCommitment,Reserved,3785.01,1.5467,5854.27,0,5854.27,USD,2025-10-11T00:00:00Z
BL-0000710,2025-11,2025-11-01,2025-11-30,GPU-039,TEAM-MIP,CTR-2025-139,Usage,Reserved,5760.0,2.3435,13498.56,4589.57,8908.99,USD,2025-11-08T00:00:00Z
BL-0000711,2025-11,2025-11-01,2025-11-30,GPU-039,TEAM-MIP,CTR-2025-139,UnusedCommitment,Reserved,3631.42,1.5467,5616.72,0,5616.72,USD,2025-11-08T00:00:00Z
BL-0000712,2025-12,2025-12-01,2025-12-31,GPU-039,TEAM-MIP,CTR-2025-139,Usage,Reserved,5952.0,2.3435,13948.51,4742.55,9205.96,USD,2025-12-11T00:00:00Z
BL-0000713,2025-12,2025-12-01,2025-12-31,GPU-039,TEAM-MIP,CTR-2025-139,UnusedCommitment,Reserved,3674.54,1.5467,5683.42,0,5683.42,USD,2025-12-11T00:00:00Z
BL-0000714,2026-01,2026-01-01,2026-01-31,GPU-039,TEAM-MIP,CTR-2025-139,Usage,Reserved,5952.0,2.3435,13948.51,4742.55,9205.96,USD,2026-01-07T00:00:00Z
BL-0000715,2026-01,2026-01-01,2026-01-31,GPU-039,TEAM-MIP,CTR-2025-139,UnusedCommitment,Reserved,3624.12,1.5467,5605.43,0,5605.43,USD,2026-01-07T00:00:00Z
BL-0000716,2026-02,2026-02-01,2026-02-28,GPU-039,TEAM-MIP,CTR-2025-139,Usage,Reserved,5376.0,2.3435,12598.66,4283.6,8315.06,USD,2026-02-08T00:00:00Z
BL-0000717,2026-02,2026-02-01,2026-02-28,GPU-039,TEAM-MIP,CTR-2025-139,UnusedCommitment,Reserved,3213.92,1.5467,4970.98,0,4970.98,USD,2026-02-08T00:00:00Z
BL-0000718,2026-03,2026-03-01,2026-03-31,GPU-039,TEAM-MIP,CTR-2025-139,Usage,Reserved,5952.0,2.3435,13948.51,4742.55,9205.96,USD,2026-03-08T00:00:00Z
BL-0000719,2026-03,2026-03-01,2026-03-31,GPU-039,TEAM-MIP,CTR-2025-139,UnusedCommitment,Reserved,3480.73,1.5467,5383.65,0,5383.65,USD,2026-03-08T00:00:00Z
BL-0000720,2026-04,2026-04-01,2026-04-30,GPU-039,TEAM-MIP,CTR-2025-139,Usage,Reserved,5760.0,2.3435,13498.56,4589.57,8908.99,USD,2026-04-07T00:00:00Z
BL-0000721,2026-04,2026-04-01,2026-04-30,GPU-039,TEAM-MIP,CTR-2025-139,UnusedCommitment,Reserved,3299.57,1.5467,5103.45,0,5103.45,USD,2026-04-07T00:00:00Z
BL-0000722,2026-05,2026-05-01,2026-05-31,GPU-039,TEAM-MIP,CTR-2025-139,Usage,Reserved,5952.0,2.3435,13948.51,4742.55,9205.96,USD,2026-05-10T00:00:00Z
BL-0000723,2026-05,2026-05-01,2026-05-31,GPU-039,TEAM-MIP,CTR-2025-139,UnusedCommitment,Reserved,3376.24,1.5467,5222.03,0,5222.03,USD,2026-05-10T00:00:00Z
BL-0000724,2026-07,2026-05-01,2026-05-31,GPU-039,TEAM-MIP,CTR-2025-139,Adjustment,Reserved,,,3.12,0,3.12,USD,2026-07-08T12:00:00Z
BL-0000725,2026-06,2026-06-01,2026-06-30,GPU-039,TEAM-MIP,CTR-2025-139,Usage,Reserved,5760.0,2.3435,13498.56,4589.57,8908.99,USD,2026-06-11T00:00:00Z
BL-0000726,2026-06,2026-06-01,2026-06-30,GPU-039,TEAM-MIP,CTR-2025-139,UnusedCommitment,Reserved,3173.35,1.5467,4908.22,0,4908.22,USD,2026-06-11T00:00:00Z
BL-0000727,2026-07,2026-07-01,2026-07-31,GPU-039,TEAM-MIP,CTR-2025-139,Usage,Reserved,5952.0,2.3435,13948.51,4742.55,9205.96,USD,2026-07-09T00:00:00Z
BL-0000728,2026-07,2026-07-01,2026-07-31,GPU-039,TEAM-MIP,CTR-2025-139,UnusedCommitment,Reserved,3201.86,1.5467,4952.32,0,4952.32,USD,2026-07-09T00:00:00Z
BL-0000729,2025-09,2025-08-01,2025-08-31,GPU-040,TEAM-MIP,CTR-2024-140,Usage,SavingsPlan,11904.0,3.379,40223.62,9654.14,30569.48,USD,2025-09-14T00:00:00Z
BL-0000730,2025-09,2025-08-01,2025-08-31,GPU-040,TEAM-MIP,CTR-2024-140,UnusedCommitment,SavingsPlan,8060.14,2.568,20698.43,0,20698.43,USD,2025-09-14T00:00:00Z
BL-0000731,2025-09,2025-09-01,2025-09-30,GPU-040,TEAM-MIP,CTR-2024-140,Usage,SavingsPlan,11520.0,3.379,38926.08,9342.72,29583.36,USD,2025-09-14T00:00:00Z
BL-0000732,2025-09,2025-09-01,2025-09-30,GPU-040,TEAM-MIP,CTR-2024-140,UnusedCommitment,SavingsPlan,7721.85,2.568,19829.71,0,19829.71,USD,2025-09-14T00:00:00Z
BL-0000733,2025-10,2025-10-01,2025-10-31,GPU-040,TEAM-MIP,CTR-2024-140,Usage,SavingsPlan,11904.0,3.379,40223.62,9654.14,30569.48,USD,2025-10-14T00:00:00Z
BL-0000734,2025-10,2025-10-01,2025-10-31,GPU-040,TEAM-MIP,CTR-2024-140,UnusedCommitment,SavingsPlan,7886.05,2.568,20251.37,0,20251.37,USD,2025-10-14T00:00:00Z
BL-0000735,2025-11,2025-11-01,2025-11-30,GPU-040,TEAM-MIP,CTR-2024-140,Usage,SavingsPlan,11520.0,3.379,38926.08,9342.72,29583.36,USD,2025-11-13T00:00:00Z
BL-0000736,2025-11,2025-11-01,2025-11-30,GPU-040,TEAM-MIP,CTR-2024-140,UnusedCommitment,SavingsPlan,7502.31,2.568,19265.93,0,19265.93,USD,2025-11-13T00:00:00Z
BL-0000737,2025-12,2025-12-01,2025-12-31,GPU-040,TEAM-MIP,CTR-2024-140,Usage,SavingsPlan,11904.0,3.379,40223.62,9654.14,30569.48,USD,2025-12-11T00:00:00Z
BL-0000738,2025-12,2025-12-01,2025-12-31,GPU-040,TEAM-MIP,CTR-2024-140,UnusedCommitment,SavingsPlan,7641.08,2.568,19622.29,0,19622.29,USD,2025-12-11T00:00:00Z
BL-0000739,2026-01,2026-01-01,2026-01-31,GPU-040,TEAM-MIP,CTR-2024-140,Usage,SavingsPlan,11904.0,3.379,40223.62,9654.14,30569.48,USD,2026-01-14T00:00:00Z
BL-0000740,2026-01,2026-01-01,2026-01-31,GPU-040,TEAM-MIP,CTR-2024-140,UnusedCommitment,SavingsPlan,7534.73,2.568,19349.19,0,19349.19,USD,2026-01-14T00:00:00Z
BL-0000741,2026-02,2026-02-01,2026-02-28,GPU-040,TEAM-MIP,CTR-2024-140,Usage,SavingsPlan,10752.0,3.379,36331.01,8719.87,27611.14,USD,2026-02-06T00:00:00Z
BL-0000742,2026-02,2026-02-01,2026-02-28,GPU-040,TEAM-MIP,CTR-2024-140,UnusedCommitment,SavingsPlan,6694.55,2.568,17191.62,0,17191.62,USD,2026-02-06T00:00:00Z
BL-0000743,2026-03,2026-03-01,2026-03-31,GPU-040,TEAM-MIP,CTR-2024-140,Usage,SavingsPlan,11904.0,3.379,40223.62,9654.14,30569.48,USD,2026-03-09T00:00:00Z
BL-0000744,2026-03,2026-03-01,2026-03-31,GPU-040,TEAM-MIP,CTR-2024-140,UnusedCommitment,SavingsPlan,7283.88,2.568,18705.01,0,18705.01,USD,2026-03-09T00:00:00Z
BL-0000745,2026-04,2026-04-01,2026-04-30,GPU-040,TEAM-MIP,CTR-2024-140,Usage,SavingsPlan,11520.0,3.379,38926.08,9342.72,29583.36,USD,2026-04-12T00:00:00Z
BL-0000746,2026-04,2026-04-01,2026-04-30,GPU-040,TEAM-MIP,CTR-2024-140,UnusedCommitment,SavingsPlan,6942.75,2.568,17828.99,0,17828.99,USD,2026-04-12T00:00:00Z
BL-0000747,2026-05,2026-05-01,2026-05-31,GPU-040,TEAM-MIP,CTR-2024-140,Usage,SavingsPlan,11904.0,3.379,40223.62,9654.14,30569.48,USD,2026-05-11T00:00:00Z
BL-0000748,2026-05,2026-05-01,2026-05-31,GPU-040,TEAM-MIP,CTR-2024-140,UnusedCommitment,SavingsPlan,7015.27,2.568,18015.2,0,18015.2,USD,2026-05-11T00:00:00Z
BL-0000749,2026-06,2026-06-01,2026-06-30,GPU-040,TEAM-MIP,CTR-2024-140,Usage,SavingsPlan,11520.0,3.379,38926.08,9342.72,29583.36,USD,2026-06-12T00:00:00Z
BL-0000750,2026-06,2026-06-01,2026-06-30,GPU-040,TEAM-MIP,CTR-2024-140,UnusedCommitment,SavingsPlan,6690.07,2.568,17180.1,0,17180.1,USD,2026-06-12T00:00:00Z
BL-0000751,2026-07,2026-07-01,2026-07-31,GPU-040,TEAM-MIP,CTR-2024-140,Usage,SavingsPlan,11904.0,3.379,40223.62,9654.14,30569.48,USD,2026-07-13T00:00:00Z
BL-0000752,2026-07,2026-07-01,2026-07-31,GPU-040,TEAM-MIP,CTR-2024-140,UnusedCommitment,SavingsPlan,6790.55,2.568,17438.13,0,17438.13,USD,2026-07-13T00:00:00Z
BL-0000753,2025-08,2025-08-01,2025-08-31,GPU-041,TEAM-MIP,,Usage,OnDemand,2769.0,7.521,20825.65,0,20825.65,USD,2025-08-11T00:00:00Z
BL-0000754,2025-09,2025-09-01,2025-09-30,GPU-041,TEAM-MIP,,Usage,OnDemand,2751.0,7.521,20690.27,0,20690.27,USD,2025-09-08T00:00:00Z
BL-0000755,2025-10,2025-10-01,2025-10-31,GPU-041,,,Usage,OnDemand,2927.0,7.521,22013.97,0,22013.97,USD,2025-10-06T00:00:00Z
BL-0000756,2025-11,2025-11-01,2025-11-30,GPU-041,TEAM-MIP,,Usage,OnDemand,2866.0,7.521,21555.19,0,21555.19,USD,2025-11-11T00:00:00Z
BL-0000757,2025-12,2025-12-01,2025-12-31,GPU-041,TEAM-MIP,,Usage,OnDemand,3051.0,7.521,22946.57,0,22946.57,USD,2025-12-11T00:00:00Z
BL-0000758,2026-01,2026-01-01,2026-01-31,GPU-041,TEAM-MIP,,Usage,OnDemand,3130.0,7.521,23540.73,0,23540.73,USD,2026-01-12T00:00:00Z
BL-0000759,2026-02,2026-02-01,2026-02-28,GPU-041,TEAM-MIP,,Usage,OnDemand,2889.0,7.521,21728.17,0,21728.17,USD,2026-02-08T00:00:00Z
BL-0000760,2026-03,2026-03-01,2026-03-31,GPU-041,TEAM-MIP,,Usage,OnDemand,3270.0,7.521,24593.67,0,24593.67,USD,2026-03-12T00:00:00Z
BL-0000761,2026-04,2026-04-01,2026-04-30,GPU-041,TEAM-MIP,,Usage,OnDemand,3266.0,7.521,24563.59,0,24563.59,USD,2026-04-14T00:00:00Z
BL-0000762,2026-05,2026-05-01,2026-05-31,GPU-041,TEAM-MIP,,Usage,OnDemand,3433.0,7.521,25819.59,0,25819.59,USD,2026-05-09T00:00:00Z
BL-0000763,2026-06,2026-06-01,2026-06-30,GPU-041,TEAM-MIP,,Usage,OnDemand,3424.0,7.521,25751.9,0,25751.9,USD,2026-06-11T00:00:00Z
BL-0000764,2026-07,2026-07-01,2026-07-31,GPU-041,TEAM-MIP,,Usage,OnDemand,3623.0,7.521,27248.58,0,27248.58,USD,2026-07-14T00:00:00Z
BL-0000765,2025-08,2025-08-01,2025-08-31,GPU-042,TEAM-MIP,,Usage,Owned,5952.0,4.6325,27572.64,11580.21,15992.43,USD,2025-08-09T00:00:00Z
BL-0000766,2025-09,2025-09-01,2025-09-30,GPU-042,TEAM-MIP,,Usage,Owned,5760.0,4.6325,26683.2,11206.66,15476.54,USD,2025-09-09T00:00:00Z
BL-0000767,2025-10,2025-10-01,2025-10-31,GPU-042,TEAM-MIP,,Usage,Owned,5952.0,4.6325,27572.64,11580.21,15992.43,USD,2025-10-09T00:00:00Z
BL-0000768,2025-12,2025-11-01,2025-11-30,GPU-042,TEAM-MIP,,Usage,Owned,5760.0,4.6325,26683.2,11206.66,15476.54,USD,2025-12-11T00:00:00Z
BL-0000769,2025-12,2025-12-01,2025-12-31,GPU-042,TEAM-MIP,,Usage,Owned,5952.0,4.6325,27572.64,11580.21,15992.43,USD,2025-12-06T00:00:00Z
BL-0000770,2026-02,2025-12-01,2025-12-31,GPU-042,TEAM-MIP,,Adjustment,Owned,,,664.98,0,664.98,USD,2026-02-08T12:00:00Z
BL-0000771,2026-01,2026-01-01,2026-01-31,GPU-042,TEAM-MIP,,Usage,Owned,5952.0,4.6325,27572.64,11580.21,15992.43,USD,2026-01-10T00:00:00Z
BL-0000772,2026-02,2026-02-01,2026-02-28,GPU-042,TEAM-MIP,,Usage,Owned,5376.0,4.6325,24904.32,10459.55,14444.77,USD,2026-02-12T00:00:00Z
BL-0000773,2026-03,2026-03-01,2026-03-31,GPU-042,TEAM-MIP,,Usage,Owned,5952.0,4.6325,27572.64,11580.21,15992.43,USD,2026-03-08T00:00:00Z
BL-0000774,2026-04,2026-04-01,2026-04-30,GPU-042,TEAM-MIP,,Usage,Owned,5760.0,4.6325,26683.2,11206.66,15476.54,USD,2026-04-10T00:00:00Z
BL-0000775,2026-05,2026-05-01,2026-05-31,GPU-042,TEAM-MIP,,Usage,Owned,5952.0,4.6325,27572.64,11580.21,15992.43,USD,2026-05-10T00:00:00Z
BL-0000776,2026-06,2026-06-01,2026-06-30,GPU-042,,,Usage,Owned,5760.0,4.6325,26683.2,11206.66,15476.54,USD,2026-06-06T00:00:00Z
BL-0000777,2026-07,2026-07-01,2026-07-31,GPU-042,TEAM-MIP,,Usage,Owned,5952.0,4.6325,27572.64,11580.21,15992.43,USD,2026-07-10T00:00:00Z
BL-0000778,2025-08,2025-08-01,2025-08-31,GPU-043,TEAM-MIP,CTR-2025-143,Usage,Reserved,11904.0,2.3435,27897.02,9485.11,18411.91,USD,2025-08-14T00:00:00Z
BL-0000779,2025-08,2025-08-01,2025-08-31,GPU-043,TEAM-MIP,CTR-2025-143,UnusedCommitment,Reserved,7840.03,1.5467,12126.18,0,12126.18,USD,2025-08-14T00:00:00Z
BL-0000780,2025-09,2025-09-01,2025-09-30,GPU-043,TEAM-MIP,CTR-2025-143,Usage,Reserved,11520.0,2.3435,26997.12,9179.14,17817.98,USD,2025-09-14T00:00:00Z
BL-0000781,2025-09,2025-09-01,2025-09-30,GPU-043,TEAM-MIP,CTR-2025-143,UnusedCommitment,Reserved,7428.9,1.5467,11490.28,0,11490.28,USD,2025-09-14T00:00:00Z
BL-0000782,2025-10,2025-10-01,2025-10-31,GPU-043,TEAM-MIP,CTR-2025-143,Usage,Reserved,11904.0,2.3435,27897.02,9485.11,18411.91,USD,2025-10-07T00:00:00Z
BL-0000783,2025-10,2025-10-01,2025-10-31,GPU-043,TEAM-MIP,CTR-2025-143,UnusedCommitment,Reserved,7581.78,1.5467,11726.73,0,11726.73,USD,2025-10-07T00:00:00Z
BL-0000784,2025-12,2025-10-01,2025-10-31,GPU-043,TEAM-MIP,CTR-2025-143,Adjustment,Reserved,,,548.92,0,548.92,USD,2025-12-08T12:00:00Z
BL-0000785,2025-11,2025-11-01,2025-11-30,GPU-043,TEAM-MIP,CTR-2025-143,Usage,Reserved,11520.0,2.3435,26997.12,9179.14,17817.98,USD,2025-11-08T00:00:00Z
BL-0000786,2025-11,2025-11-01,2025-11-30,GPU-043,TEAM-MIP,CTR-2025-143,UnusedCommitment,Reserved,7273.36,1.5467,11249.7,0,11249.7,USD,2025-11-08T00:00:00Z
BL-0000787,2025-12,2025-12-01,2025-12-31,GPU-043,,CTR-2025-143,Usage,Reserved,11904.0,2.3435,27897.02,9485.11,18411.91,USD,2025-12-08T00:00:00Z
BL-0000788,2025-12,2025-12-01,2025-12-31,GPU-043,,CTR-2025-143,UnusedCommitment,Reserved,7337.71,1.5467,11349.23,0,11349.23,USD,2025-12-08T00:00:00Z
BL-0000789,2026-01,2026-01-01,2026-01-31,GPU-043,TEAM-MIP,CTR-2025-143,Usage,Reserved,11904.0,2.3435,27897.02,9485.11,18411.91,USD,2026-01-11T00:00:00Z
BL-0000790,2026-01,2026-01-01,2026-01-31,GPU-043,TEAM-MIP,CTR-2025-143,UnusedCommitment,Reserved,7223.57,1.5467,11172.69,0,11172.69,USD,2026-01-11T00:00:00Z
BL-0000791,2026-02,2026-02-01,2026-02-28,GPU-043,TEAM-MIP,CTR-2025-143,Usage,Reserved,10752.0,2.3435,25197.31,8567.19,16630.12,USD,2026-02-11T00:00:00Z
BL-0000792,2026-02,2026-02-01,2026-02-28,GPU-043,TEAM-MIP,CTR-2025-143,UnusedCommitment,Reserved,6416.33,1.5467,9924.14,0,9924.14,USD,2026-02-11T00:00:00Z
BL-0000793,2026-03,2026-03-01,2026-03-31,GPU-043,TEAM-MIP,CTR-2025-143,Usage,Reserved,11904.0,2.3435,27897.02,9485.11,18411.91,USD,2026-03-08T00:00:00Z
BL-0000794,2026-03,2026-03-01,2026-03-31,GPU-043,TEAM-MIP,CTR-2025-143,UnusedCommitment,Reserved,6973.13,1.5467,10785.34,0,10785.34,USD,2026-03-08T00:00:00Z
BL-0000795,2026-04,2026-04-01,2026-04-30,GPU-043,TEAM-MIP,CTR-2025-143,Usage,Reserved,11520.0,2.3435,26997.12,9179.14,17817.98,USD,2026-04-14T00:00:00Z
BL-0000796,2026-04,2026-04-01,2026-04-30,GPU-043,TEAM-MIP,CTR-2025-143,UnusedCommitment,Reserved,6602.14,1.5467,10211.52,0,10211.52,USD,2026-04-14T00:00:00Z
BL-0000797,2026-05,2026-05-01,2026-05-31,GPU-043,TEAM-MIP,CTR-2025-143,Usage,Reserved,11904.0,2.3435,27897.02,9485.11,18411.91,USD,2026-05-12T00:00:00Z
BL-0000798,2026-05,2026-05-01,2026-05-31,GPU-043,TEAM-MIP,CTR-2025-143,UnusedCommitment,Reserved,6740.66,1.5467,10425.78,0,10425.78,USD,2026-05-12T00:00:00Z
BL-0000799,2026-06,2026-06-01,2026-06-30,GPU-043,TEAM-MIP,CTR-2025-143,Usage,Reserved,11520.0,2.3435,26997.12,9179.14,17817.98,USD,2026-06-09T00:00:00Z
BL-0000800,2026-06,2026-06-01,2026-06-30,GPU-043,TEAM-MIP,CTR-2025-143,UnusedCommitment,Reserved,6361.14,1.5467,9838.77,0,9838.77,USD,2026-06-09T00:00:00Z
BL-0000801,2026-08,2026-06-01,2026-06-30,GPU-043,TEAM-MIP,CTR-2025-143,Adjustment,Reserved,,,-514.67,0,-514.67,USD,2026-08-08T12:00:00Z
BL-0000802,2026-07,2026-07-01,2026-07-31,GPU-043,TEAM-MIP,CTR-2025-143,Usage,Reserved,11904.0,2.3435,27897.02,9485.11,18411.91,USD,2026-07-08T00:00:00Z
BL-0000803,2026-07,2026-07-01,2026-07-31,GPU-043,TEAM-MIP,CTR-2025-143,UnusedCommitment,Reserved,6375.36,1.5467,9860.77,0,9860.77,USD,2026-07-08T00:00:00Z
BL-0000804,2025-08,2025-08-01,2025-08-31,GPU-044,TEAM-MIP,CTR-2024-144,Usage,SavingsPlan,23808.0,3.379,80447.23,19308.29,61138.94,USD,2025-08-10T00:00:00Z
BL-0000805,2025-08,2025-08-01,2025-08-31,GPU-044,TEAM-MIP,CTR-2024-144,UnusedCommitment,SavingsPlan,19911.11,2.568,51131.72,0,51131.72,USD,2025-08-10T00:00:00Z
BL-0000806,2025-09,2025-09-01,2025-09-30,GPU-044,TEAM-MIP,CTR-2024-144,Usage,SavingsPlan,23040.0,3.379,77852.16,18685.44,59166.72,USD,2025-09-06T00:00:00Z
BL-0000807,2025-09,2025-09-01,2025-09-30,GPU-044,TEAM-MIP,CTR-2024-144,UnusedCommitment,SavingsPlan,19139.08,2.568,49149.16,0,49149.16,USD,2025-09-06T00:00:00Z
BL-0000808,2025-10,2025-10-01,2025-10-31,GPU-044,TEAM-MIP,CTR-2024-144,Usage,SavingsPlan,23808.0,3.379,80447.23,19308.29,61138.94,USD,2025-10-11T00:00:00Z
BL-0000809,2025-10,2025-10-01,2025-10-31,GPU-044,TEAM-MIP,CTR-2024-144,UnusedCommitment,SavingsPlan,19626.6,2.568,50401.11,0,50401.11,USD,2025-10-11T00:00:00Z
BL-0000810,2025-11,2025-11-01,2025-11-30,GPU-044,TEAM-MIP,CTR-2024-144,Usage,SavingsPlan,23040.0,3.379,77852.16,18685.44,59166.72,USD,2025-11-14T00:00:00Z
BL-0000811,2025-11,2025-11-01,2025-11-30,GPU-044,TEAM-MIP,CTR-2024-144,UnusedCommitment,SavingsPlan,18956.66,2.568,48680.7,0,48680.7,USD,2025-11-14T00:00:00Z
BL-0000812,2025-12,2025-12-01,2025-12-31,GPU-044,TEAM-MIP,CTR-2024-144,Usage,SavingsPlan,23808.0,3.379,80447.23,19308.29,61138.94,USD,2025-12-10T00:00:00Z
BL-0000813,2025-12,2025-12-01,2025-12-31,GPU-044,TEAM-MIP,CTR-2024-144,UnusedCommitment,SavingsPlan,19437.27,2.568,49914.9,0,49914.9,USD,2025-12-10T00:00:00Z
BL-0000814,2026-01,2026-01-01,2026-01-31,GPU-044,TEAM-MIP,CTR-2024-144,Usage,SavingsPlan,23808.0,3.379,80447.23,19308.29,61138.94,USD,2026-01-12T00:00:00Z
BL-0000815,2026-01,2026-01-01,2026-01-31,GPU-044,TEAM-MIP,CTR-2024-144,UnusedCommitment,SavingsPlan,19319.03,2.568,49611.28,0,49611.28,USD,2026-01-12T00:00:00Z
BL-0000816,2026-02,2026-02-01,2026-02-28,GPU-044,TEAM-MIP,CTR-2024-144,Usage,SavingsPlan,21504.0,3.379,72662.02,17439.74,55222.28,USD,2026-02-07T00:00:00Z
BL-0000817,2026-02,2026-02-01,2026-02-28,GPU-044,TEAM-MIP,CTR-2024-144,UnusedCommitment,SavingsPlan,17334.22,2.568,44514.27,0,44514.27,USD,2026-02-07T00:00:00Z
BL-0000818,2026-03,2026-03-01,2026-03-31,GPU-044,TEAM-MIP,CTR-2024-144,Usage,SavingsPlan,23808.0,3.379,80447.23,19308.29,61138.94,USD,2026-03-08T00:00:00Z
BL-0000819,2026-03,2026-03-01,2026-03-31,GPU-044,TEAM-MIP,CTR-2024-144,UnusedCommitment,SavingsPlan,19077.11,2.568,48990.03,0,48990.03,USD,2026-03-08T00:00:00Z
BL-0000820,2026-04,2026-04-01,2026-04-30,GPU-044,TEAM-MIP,CTR-2024-144,Usage,SavingsPlan,23040.0,3.379,77852.16,18685.44,59166.72,USD,2026-04-12T00:00:00Z
BL-0000821,2026-04,2026-04-01,2026-04-30,GPU-044,TEAM-MIP,CTR-2024-144,UnusedCommitment,SavingsPlan,18317.5,2.568,47039.33,0,47039.33,USD,2026-04-12T00:00:00Z
BL-0000822,2026-05,2026-05-01,2026-05-31,GPU-044,TEAM-MIP,CTR-2024-144,Usage,SavingsPlan,23808.0,3.379,80447.23,19308.29,61138.94,USD,2026-05-13T00:00:00Z
BL-0000823,2026-05,2026-05-01,2026-05-31,GPU-044,TEAM-MIP,CTR-2024-144,UnusedCommitment,SavingsPlan,18846.51,2.568,48397.85,0,48397.85,USD,2026-05-13T00:00:00Z
BL-0000824,2026-06,2026-06-01,2026-06-30,GPU-044,TEAM-MIP,CTR-2024-144,Usage,SavingsPlan,23040.0,3.379,77852.16,18685.44,59166.72,USD,2026-06-12T00:00:00Z
BL-0000825,2026-06,2026-06-01,2026-06-30,GPU-044,TEAM-MIP,CTR-2024-144,UnusedCommitment,SavingsPlan,18066.65,2.568,46395.16,0,46395.16,USD,2026-06-12T00:00:00Z
BL-0000826,2026-08,2026-07-01,2026-07-31,GPU-044,TEAM-MIP,CTR-2024-144,Usage,SavingsPlan,23808.0,3.379,80447.23,19308.29,61138.94,USD,2026-08-07T00:00:00Z
BL-0000827,2026-08,2026-07-01,2026-07-31,GPU-044,TEAM-MIP,CTR-2024-144,UnusedCommitment,SavingsPlan,18498.08,2.568,47503.07,0,47503.07,USD,2026-08-07T00:00:00Z
BL-0000828,2025-08,2025-08-01,2025-08-31,GPU-045,TEAM-TRUST,CTR-2025-145,Usage,Reserved,11904.0,2.3435,27897.02,9485.11,18411.91,USD,2025-08-09T00:00:00Z
BL-0000829,2025-08,2025-08-01,2025-08-31,GPU-045,TEAM-TRUST,CTR-2025-145,UnusedCommitment,Reserved,10941.39,1.5467,16923.05,0,16923.05,USD,2025-08-09T00:00:00Z
BL-0000830,2025-09,2025-09-01,2025-09-30,GPU-045,TEAM-TRUST,CTR-2025-145,Usage,Reserved,11520.0,2.3435,26997.12,9179.14,17817.98,USD,2025-09-09T00:00:00Z
BL-0000831,2025-09,2025-09-01,2025-09-30,GPU-045,TEAM-TRUST,CTR-2025-145,UnusedCommitment,Reserved,10585.89,1.5467,16373.19,0,16373.19,USD,2025-09-09T00:00:00Z
BL-0000832,2025-11,2025-10-01,2025-10-31,GPU-045,TEAM-TRUST,CTR-2025-145,Usage,Reserved,11904.0,2.3435,27897.02,9485.11,18411.91,USD,2025-11-11T00:00:00Z
BL-0000833,2025-11,2025-10-01,2025-10-31,GPU-045,TEAM-TRUST,CTR-2025-145,UnusedCommitment,Reserved,10931.94,1.5467,16908.43,0,16908.43,USD,2025-11-11T00:00:00Z
BL-0000834,2025-11,2025-11-01,2025-11-30,GPU-045,TEAM-TRUST,CTR-2025-145,Usage,Reserved,11520.0,2.3435,26997.12,9179.14,17817.98,USD,2025-11-09T00:00:00Z
BL-0000835,2025-11,2025-11-01,2025-11-30,GPU-045,TEAM-TRUST,CTR-2025-145,UnusedCommitment,Reserved,10564.36,1.5467,16339.9,0,16339.9,USD,2025-11-09T00:00:00Z
BL-0000836,2025-12,2025-12-01,2025-12-31,GPU-045,TEAM-TRUST,CTR-2025-145,Usage,Reserved,11904.0,2.3435,27897.02,9485.11,18411.91,USD,2025-12-11T00:00:00Z
BL-0000837,2025-12,2025-12-01,2025-12-31,GPU-045,TEAM-TRUST,CTR-2025-145,UnusedCommitment,Reserved,10908.71,1.5467,16872.5,0,16872.5,USD,2025-12-11T00:00:00Z
BL-0000838,2026-01,2026-01-01,2026-01-31,GPU-045,TEAM-TRUST,CTR-2025-145,Usage,Reserved,11904.0,2.3435,27897.02,9485.11,18411.91,USD,2026-01-07T00:00:00Z
BL-0000839,2026-01,2026-01-01,2026-01-31,GPU-045,TEAM-TRUST,CTR-2025-145,UnusedCommitment,Reserved,10898.78,1.5467,16857.15,0,16857.15,USD,2026-01-07T00:00:00Z
BL-0000840,2026-02,2026-02-01,2026-02-28,GPU-045,TEAM-TRUST,CTR-2025-145,Usage,Reserved,10752.0,2.3435,25197.31,8567.19,16630.12,USD,2026-02-08T00:00:00Z
BL-0000841,2026-02,2026-02-01,2026-02-28,GPU-045,TEAM-TRUST,CTR-2025-145,UnusedCommitment,Reserved,9836.07,1.5467,15213.45,0,15213.45,USD,2026-02-08T00:00:00Z
BL-0000842,2026-03,2026-03-01,2026-03-31,GPU-045,TEAM-TRUST,CTR-2025-145,Usage,Reserved,11904.0,2.3435,27897.02,9485.11,18411.91,USD,2026-03-06T00:00:00Z
BL-0000843,2026-03,2026-03-01,2026-03-31,GPU-045,TEAM-TRUST,CTR-2025-145,UnusedCommitment,Reserved,10885.76,1.5467,16837.01,0,16837.01,USD,2026-03-06T00:00:00Z
BL-0000844,2026-04,2026-04-01,2026-04-30,GPU-045,TEAM-TRUST,CTR-2025-145,Usage,Reserved,11520.0,2.3435,26997.12,9179.14,17817.98,USD,2026-04-08T00:00:00Z
BL-0000845,2026-04,2026-04-01,2026-04-30,GPU-045,TEAM-TRUST,CTR-2025-145,UnusedCommitment,Reserved,10528.1,1.5467,16283.81,0,16283.81,USD,2026-04-08T00:00:00Z
BL-0000846,2026-06,2026-04-01,2026-04-30,GPU-045,TEAM-TRUST,CTR-2025-145,Adjustment,Reserved,,,394.61,0,394.61,USD,2026-06-08T12:00:00Z
BL-0000847,2026-05,2026-05-01,2026-05-31,GPU-045,TEAM-TRUST,CTR-2025-145,Usage,Reserved,11904.0,2.3435,27897.02,9485.11,18411.91,USD,2026-05-14T00:00:00Z
BL-0000848,2026-05,2026-05-01,2026-05-31,GPU-045,TEAM-TRUST,CTR-2025-145,UnusedCommitment,Reserved,10858.16,1.5467,16794.32,0,16794.32,USD,2026-05-14T00:00:00Z
BL-0000849,2026-06,2026-06-01,2026-06-30,GPU-045,TEAM-TRUST,CTR-2025-145,Usage,Reserved,11520.0,2.3435,26997.12,9179.14,17817.98,USD,2026-06-09T00:00:00Z
BL-0000850,2026-06,2026-06-01,2026-06-30,GPU-045,TEAM-TRUST,CTR-2025-145,UnusedCommitment,Reserved,10510.0,1.5467,16255.82,0,16255.82,USD,2026-06-09T00:00:00Z
BL-0000851,2026-08,2026-07-01,2026-07-31,GPU-045,TEAM-TRUST,CTR-2025-145,Usage,Reserved,11904.0,2.3435,27897.02,9485.11,18411.91,USD,2026-08-07T00:00:00Z
BL-0000852,2026-08,2026-07-01,2026-07-31,GPU-045,TEAM-TRUST,CTR-2025-145,UnusedCommitment,Reserved,10854.05,1.5467,16787.96,0,16787.96,USD,2026-08-07T00:00:00Z
BL-0000853,2025-08,2025-08-01,2025-08-31,GPU-046,TEAM-TRUST,CTR-2024-146,Usage,SavingsPlan,23808.0,3.379,80447.23,19308.29,61138.94,USD,2025-08-14T00:00:00Z
BL-0000854,2025-08,2025-08-01,2025-08-31,GPU-046,TEAM-TRUST,CTR-2024-146,UnusedCommitment,SavingsPlan,20594.35,2.568,52886.28,0,52886.28,USD,2025-08-14T00:00:00Z
BL-0000855,2025-10,2025-09-01,2025-09-30,GPU-046,TEAM-TRUST,CTR-2024-146,Usage,SavingsPlan,23040.0,3.379,77852.16,18685.44,59166.72,USD,2025-10-09T00:00:00Z
BL-0000856,2025-10,2025-09-01,2025-09-30,GPU-046,TEAM-TRUST,CTR-2024-146,UnusedCommitment,SavingsPlan,19880.29,2.568,51052.58,0,51052.58,USD,2025-10-09T00:00:00Z
BL-0000857,2025-10,2025-10-01,2025-10-31,GPU-046,,CTR-2024-146,Usage,SavingsPlan,23808.0,3.379,80447.23,19308.29,61138.94,USD,2025-10-13T00:00:00Z
BL-0000858,2025-10,2025-10-01,2025-10-31,GPU-046,,CTR-2024-146,UnusedCommitment,SavingsPlan,20506.49,2.568,52660.66,0,52660.66,USD,2025-10-13T00:00:00Z
BL-0000859,2025-11,2025-11-01,2025-11-30,GPU-046,TEAM-TRUST,CTR-2024-146,Usage,SavingsPlan,23040.0,3.379,77852.16,18685.44,59166.72,USD,2025-11-11T00:00:00Z
BL-0000860,2025-11,2025-11-01,2025-11-30,GPU-046,TEAM-TRUST,CTR-2024-146,UnusedCommitment,SavingsPlan,19852.52,2.568,50981.27,0,50981.27,USD,2025-11-11T00:00:00Z
BL-0000861,2025-12,2025-12-01,2025-12-31,GPU-046,TEAM-TRUST,CTR-2024-146,Usage,SavingsPlan,23808.0,3.379,80447.23,19308.29,61138.94,USD,2025-12-08T00:00:00Z
BL-0000862,2025-12,2025-12-01,2025-12-31,GPU-046,TEAM-TRUST,CTR-2024-146,UnusedCommitment,SavingsPlan,20441.45,2.568,52493.64,0,52493.64,USD,2025-12-08T00:00:00Z
BL-0000863,2026-01,2026-01-01,2026-01-31,GPU-046,TEAM-TRUST,CTR-2024-146,Usage,SavingsPlan,23808.0,3.379,80447.23,19308.29,61138.94,USD,2026-01-12T00:00:00Z
BL-0000864,2026-01,2026-01-01,2026-01-31,GPU-046,TEAM-TRUST,CTR-2024-146,UnusedCommitment,SavingsPlan,20423.83,2.568,52448.39,0,52448.39,USD,2026-01-12T00:00:00Z
BL-0000865,2026-02,2026-02-01,2026-02-28,GPU-046,,CTR-2024-146,Usage,SavingsPlan,21504.0,3.379,72662.02,17439.74,55222.28,USD,2026-02-13T00:00:00Z
BL-0000866,2026-02,2026-02-01,2026-02-28,GPU-046,,CTR-2024-146,UnusedCommitment,SavingsPlan,18408.51,2.568,47273.05,0,47273.05,USD,2026-02-13T00:00:00Z
BL-0000867,2026-03,2026-03-01,2026-03-31,GPU-046,TEAM-TRUST,CTR-2024-146,Usage,SavingsPlan,23808.0,3.379,80447.23,19308.29,61138.94,USD,2026-03-14T00:00:00Z
BL-0000868,2026-03,2026-03-01,2026-03-31,GPU-046,TEAM-TRUST,CTR-2024-146,UnusedCommitment,SavingsPlan,20363.26,2.568,52292.86,0,52292.86,USD,2026-03-14T00:00:00Z
BL-0000869,2026-04,2026-04-01,2026-04-30,GPU-046,TEAM-TRUST,CTR-2024-146,Usage,SavingsPlan,23040.0,3.379,77852.16,18685.44,59166.72,USD,2026-04-10T00:00:00Z
BL-0000870,2026-04,2026-04-01,2026-04-30,GPU-046,TEAM-TRUST,CTR-2024-146,UnusedCommitment,SavingsPlan,19675.17,2.568,50525.83,0,50525.83,USD,2026-04-10T00:00:00Z
BL-0000871,2026-05,2026-05-01,2026-05-31,GPU-046,TEAM-TRUST,CTR-2024-146,Usage,SavingsPlan,23808.0,3.379,80447.23,19308.29,61138.94,USD,2026-05-07T00:00:00Z
BL-0000872,2026-05,2026-05-01,2026-05-31,GPU-046,TEAM-TRUST,CTR-2024-146,UnusedCommitment,SavingsPlan,20324.05,2.568,52192.16,0,52192.16,USD,2026-05-07T00:00:00Z
BL-0000873,2026-06,2026-06-01,2026-06-30,GPU-046,TEAM-TRUST,CTR-2024-146,Usage,SavingsPlan,23040.0,3.379,77852.16,18685.44,59166.72,USD,2026-06-06T00:00:00Z
BL-0000874,2026-06,2026-06-01,2026-06-30,GPU-046,TEAM-TRUST,CTR-2024-146,UnusedCommitment,SavingsPlan,19600.32,2.568,50333.63,0,50333.63,USD,2026-06-06T00:00:00Z
BL-0000875,2026-07,2026-07-01,2026-07-31,GPU-046,TEAM-TRUST,CTR-2024-146,Usage,SavingsPlan,23808.0,3.379,80447.23,19308.29,61138.94,USD,2026-07-07T00:00:00Z
BL-0000876,2026-07,2026-07-01,2026-07-31,GPU-046,TEAM-TRUST,CTR-2024-146,UnusedCommitment,SavingsPlan,20218.41,2.568,51920.87,0,51920.87,USD,2026-07-07T00:00:00Z
BL-0000877,2025-08,2025-08-01,2025-08-31,GPU-047,TEAM-TRUST,,Usage,OnDemand,1316.0,7.521,9897.64,0,9897.64,USD,2025-08-12T00:00:00Z
BL-0000878,2025-10,2025-09-01,2025-09-30,GPU-047,TEAM-TRUST,,Usage,OnDemand,1297.0,7.521,9754.74,0,9754.74,USD,2025-10-08T00:00:00Z
BL-0000879,2025-10,2025-10-01,2025-10-31,GPU-047,,,Usage,OnDemand,1361.0,7.521,10236.08,0,10236.08,USD,2025-10-12T00:00:00Z
BL-0000880,2025-11,2025-11-01,2025-11-30,GPU-047,TEAM-TRUST,,Usage,OnDemand,1306.0,7.521,9822.43,0,9822.43,USD,2025-11-06T00:00:00Z
BL-0000881,2025-12,2025-12-01,2025-12-31,GPU-047,TEAM-TRUST,,Usage,OnDemand,1385.0,7.521,10416.58,0,10416.58,USD,2025-12-13T00:00:00Z
BL-0000882,2026-01,2026-01-01,2026-01-31,GPU-047,TEAM-TRUST,,Usage,OnDemand,1407.0,7.521,10582.05,0,10582.05,USD,2026-01-06T00:00:00Z
BL-0000883,2026-02,2026-02-01,2026-02-28,GPU-047,TEAM-TRUST,,Usage,OnDemand,1274.0,7.521,9581.75,0,9581.75,USD,2026-02-14T00:00:00Z
BL-0000884,2026-03,2026-03-01,2026-03-31,GPU-047,TEAM-TRUST,,Usage,OnDemand,1435.0,7.521,10792.64,0,10792.64,USD,2026-03-12T00:00:00Z
BL-0000885,2026-04,2026-04-01,2026-04-30,GPU-047,TEAM-TRUST,,Usage,OnDemand,1408.0,7.521,10589.57,0,10589.57,USD,2026-04-06T00:00:00Z
BL-0000886,2026-05,2026-05-01,2026-05-31,GPU-047,TEAM-TRUST,,Usage,OnDemand,1454.0,7.521,10935.53,0,10935.53,USD,2026-05-12T00:00:00Z
BL-0000887,2026-06,2026-06-01,2026-06-30,GPU-047,TEAM-TRUST,,Usage,OnDemand,1426.0,7.521,10724.95,0,10724.95,USD,2026-06-09T00:00:00Z
BL-0000888,2026-07,2026-07-01,2026-07-31,GPU-047,TEAM-TRUST,,Usage,OnDemand,1507.0,7.521,11334.15,0,11334.15,USD,2026-07-10T00:00:00Z
BL-0000889,2025-08,2025-08-01,2025-08-31,GPU-048,TEAM-TRUST,,Usage,Owned,11904.0,4.6325,55145.28,23160.42,31984.86,USD,2025-08-13T00:00:00Z
BL-0000890,2025-09,2025-09-01,2025-09-30,GPU-048,TEAM-TRUST,,Usage,Owned,11520.0,4.6325,53366.4,22413.31,30953.09,USD,2025-09-12T00:00:00Z
BL-0000891,2025-10,2025-10-01,2025-10-31,GPU-048,TEAM-TRUST,,Usage,Owned,11904.0,4.6325,55145.28,23160.42,31984.86,USD,2025-10-12T00:00:00Z
BL-0000892,2025-11,2025-11-01,2025-11-30,GPU-048,TEAM-TRUST,,Usage,Owned,11520.0,4.6325,53366.4,22413.31,30953.09,USD,2025-11-12T00:00:00Z
BL-0000893,2025-12,2025-12-01,2025-12-31,GPU-048,TEAM-TRUST,,Usage,Owned,11904.0,4.6325,55145.28,23160.42,31984.86,USD,2025-12-12T00:00:00Z
BL-0000894,2026-01,2026-01-01,2026-01-31,GPU-048,TEAM-TRUST,,Usage,Owned,11904.0,4.6325,55145.28,23160.42,31984.86,USD,2026-01-09T00:00:00Z
BL-0000895,2026-03,2026-02-01,2026-02-28,GPU-048,TEAM-TRUST,,Usage,Owned,10752.0,4.6325,49808.64,20919.09,28889.55,USD,2026-03-13T00:00:00Z
BL-0000896,2026-04,2026-02-01,2026-02-28,GPU-048,TEAM-TRUST,,Adjustment,Owned,,,806.34,0,806.34,USD,2026-04-08T12:00:00Z
BL-0000897,2026-03,2026-03-01,2026-03-31,GPU-048,TEAM-TRUST,,Usage,Owned,11904.0,4.6325,55145.28,23160.42,31984.86,USD,2026-03-10T00:00:00Z
BL-0000898,2026-04,2026-04-01,2026-04-30,GPU-048,TEAM-TRUST,,Usage,Owned,11520.0,4.6325,53366.4,22413.31,30953.09,USD,2026-04-13T00:00:00Z
BL-0000899,2026-05,2026-05-01,2026-05-31,GPU-048,TEAM-TRUST,,Usage,Owned,11904.0,4.6325,55145.28,23160.42,31984.86,USD,2026-05-13T00:00:00Z
BL-0000900,2026-06,2026-06-01,2026-06-30,GPU-048,TEAM-TRUST,,Usage,Owned,11520.0,4.6325,53366.4,22413.31,30953.09,USD,2026-06-08T00:00:00Z
BL-0000901,2026-07,2026-07-01,2026-07-31,GPU-048,TEAM-TRUST,,Usage,Owned,11904.0,4.6325,55145.28,23160.42,31984.86,USD,2026-07-11T00:00:00Z
BL-0000902,2025-08,2025-08-01,2025-08-31,GPU-049,TEAM-TRUST,CTR-2025-149,Usage,Reserved,23808.0,2.3435,55794.05,18970.21,36823.84,USD,2025-08-10T00:00:00Z
BL-0000903,2025-08,2025-08-01,2025-08-31,GPU-049,TEAM-TRUST,CTR-2025-149,UnusedCommitment,Reserved,20583.32,1.5467,31836.23,0,31836.23,USD,2025-08-10T00:00:00Z
BL-0000904,2025-09,2025-09-01,2025-09-30,GPU-049,TEAM-TRUST,CTR-2025-149,Usage,Reserved,23040.0,2.3435,53994.24,18358.27,35635.97,USD,2025-09-13T00:00:00Z
BL-0000905,2025-09,2025-09-01,2025-09-30,GPU-049,TEAM-TRUST,CTR-2025-149,UnusedCommitment,Reserved,19881.11,1.5467,30750.12,0,30750.12,USD,2025-09-13T00:00:00Z
BL-0000906,2025-10,2025-10-01,2025-10-31,gpu_049,TEAM-TRUST,CTR-2025-149,Usage,Reserved,23808.0,2.3435,55794.05,18970.21,36823.84,USD,2025-10-13T00:00:00Z
BL-0000907,2025-10,2025-10-01,2025-10-31,gpu_049,TEAM-TRUST,CTR-2025-149,UnusedCommitment,Reserved,20491.57,1.5467,31694.31,0,31694.31,USD,2025-10-13T00:00:00Z
BL-0000908,2025-11,2025-11-01,2025-11-30,GPU-049,TEAM-TRUST,CTR-2025-149,Usage,Reserved,23040.0,2.3435,53994.24,18358.27,35635.97,USD,2025-11-11T00:00:00Z
BL-0000909,2025-11,2025-11-01,2025-11-30,GPU-049,TEAM-TRUST,CTR-2025-149,UnusedCommitment,Reserved,19852.53,1.5467,30705.91,0,30705.91,USD,2025-11-11T00:00:00Z
BL-0000910,2025-12,2025-12-01,2025-12-31,GPU-049,TEAM-TRUST,CTR-2025-149,Usage,Reserved,23808.0,2.3435,55794.05,18970.21,36823.84,USD,2025-12-10T00:00:00Z
BL-0000911,2025-12,2025-12-01,2025-12-31,GPU-049,TEAM-TRUST,CTR-2025-149,UnusedCommitment,Reserved,20429.03,1.5467,31597.57,0,31597.57,USD,2025-12-10T00:00:00Z
BL-0000912,2026-01,2026-01-01,2026-01-31,GPU-049,TEAM-TRUST,CTR-2025-149,Usage,Reserved,23808.0,2.3435,55794.05,18970.21,36823.84,USD,2026-01-13T00:00:00Z
BL-0000913,2026-01,2026-01-01,2026-01-31,GPU-049,TEAM-TRUST,CTR-2025-149,UnusedCommitment,Reserved,20419.93,1.5467,31583.51,0,31583.51,USD,2026-01-13T00:00:00Z
BL-0000914,2026-02,2026-02-01,2026-02-28,GPU-049,TEAM-TRUST,CTR-2025-149,Usage,Reserved,21504.0,2.3435,50394.62,17134.39,33260.23,USD,2026-02-09T00:00:00Z
BL-0000915,2026-02,2026-02-01,2026-02-28,GPU-049,TEAM-TRUST,CTR-2025-149,UnusedCommitment,Reserved,18425.33,1.5467,28498.45,0,28498.45,USD,2026-02-09T00:00:00Z
BL-0000916,2026-03,2026-03-01,2026-03-31,GPU-049,TEAM-TRUST,CTR-2025-149,Usage,Reserved,23808.0,2.3435,55794.05,18970.21,36823.84,USD,2026-03-13T00:00:00Z
BL-0000917,2026-03,2026-03-01,2026-03-31,GPU-049,TEAM-TRUST,CTR-2025-149,UnusedCommitment,Reserved,20354.69,1.5467,31482.6,0,31482.6,USD,2026-03-13T00:00:00Z
BL-0000918,2026-04,2026-04-01,2026-04-30,GPU-049,TEAM-TRUST,CTR-2025-149,Usage,Reserved,23040.0,2.3435,53994.24,18358.27,35635.97,USD,2026-04-11T00:00:00Z
BL-0000919,2026-04,2026-04-01,2026-04-30,GPU-049,TEAM-TRUST,CTR-2025-149,UnusedCommitment,Reserved,19656.12,1.5467,30402.12,0,30402.12,USD,2026-04-11T00:00:00Z
BL-0000920,2026-05,2026-05-01,2026-05-31,GPU-049,TEAM-TRUST,CTR-2025-149,Usage,Reserved,23808.0,2.3435,55794.05,18970.21,36823.84,USD,2026-05-10T00:00:00Z
BL-0000921,2026-05,2026-05-01,2026-05-31,GPU-049,TEAM-TRUST,CTR-2025-149,UnusedCommitment,Reserved,20329.66,1.5467,31443.89,0,31443.89,USD,2026-05-10T00:00:00Z
BL-0000922,2026-06,2026-06-01,2026-06-30,GPU-049,TEAM-TRUST,CTR-2025-149,Usage,Reserved,23040.0,2.3435,53994.24,18358.27,35635.97,USD,2026-06-08T00:00:00Z
BL-0000923,2026-06,2026-06-01,2026-06-30,GPU-049,TEAM-TRUST,CTR-2025-149,UnusedCommitment,Reserved,19591.84,1.5467,30302.7,0,30302.7,USD,2026-06-08T00:00:00Z
BL-0000924,2026-08,2026-07-01,2026-07-31,GPU-049,TEAM-TRUST,CTR-2025-149,Usage,Reserved,23808.0,2.3435,55794.05,18970.21,36823.84,USD,2026-08-10T00:00:00Z
BL-0000925,2026-08,2026-07-01,2026-07-31,GPU-049,TEAM-TRUST,CTR-2025-149,UnusedCommitment,Reserved,20221.43,1.5467,31276.48,0,31276.48,USD,2026-08-10T00:00:00Z
BL-0000926,2025-08,2025-08-01,2025-08-31,GPU-050,TEAM-TRUST,CTR-2024-150,Usage,SavingsPlan,5952.0,3.379,20111.81,4827.07,15284.74,USD,2025-08-10T00:00:00Z
BL-0000927,2025-08,2025-08-01,2025-08-31,GPU-050,TEAM-TRUST,CTR-2024-150,UnusedCommitment,SavingsPlan,4040.9,2.568,10377.03,0,10377.03,USD,2025-08-10T00:00:00Z
BL-0000928,2025-09,2025-09-01,2025-09-30,GPU-050,TEAM-TRUST,CTR-2024-150,Usage,SavingsPlan,5760.0,3.379,19463.04,4671.36,14791.68,USD,2025-09-10T00:00:00Z
BL-0000929,2025-09,2025-09-01,2025-09-30,GPU-050,TEAM-TRUST,CTR-2024-150,UnusedCommitment,SavingsPlan,3900.06,2.568,10015.34,0,10015.34,USD,2025-09-10T00:00:00Z
BL-0000930,2025-10,2025-10-01,2025-10-31,GPU-050,TEAM-TRUST,CTR-2024-150,Usage,SavingsPlan,5952.0,3.379,20111.81,4827.07,15284.74,USD,2025-10-06T00:00:00Z
BL-0000931,2025-10,2025-10-01,2025-10-31,GPU-050,TEAM-TRUST,CTR-2024-150,UnusedCommitment,SavingsPlan,4012.79,2.568,10304.85,0,10304.85,USD,2025-10-06T00:00:00Z
BL-0000932,2025-11,2025-11-01,2025-11-30,GPU-050,TEAM-TRUST,CTR-2024-150,Usage,SavingsPlan,5760.0,3.379,19463.04,4671.36,14791.68,USD,2025-11-09T00:00:00Z
BL-0000933,2025-11,2025-11-01,2025-11-30,GPU-050,TEAM-TRUST,CTR-2024-150,UnusedCommitment,SavingsPlan,3843.57,2.568,9870.28,0,9870.28,USD,2025-11-09T00:00:00Z
BL-0000934,2025-12,2025-12-01,2025-12-31,GPU-050,TEAM-TRUST,CTR-2024-150,Usage,SavingsPlan,5952.0,3.379,20111.81,4827.07,15284.74,USD,2025-12-12T00:00:00Z
BL-0000935,2025-12,2025-12-01,2025-12-31,GPU-050,TEAM-TRUST,CTR-2024-150,UnusedCommitment,SavingsPlan,3972.2,2.568,10200.62,0,10200.62,USD,2025-12-12T00:00:00Z
BL-0000936,2026-01,2026-01-01,2026-01-31,GPU-050,TEAM-TRUST,CTR-2024-150,Usage,SavingsPlan,5952.0,3.379,20111.81,4827.07,15284.74,USD,2026-01-14T00:00:00Z
BL-0000937,2026-01,2026-01-01,2026-01-31,GPU-050,TEAM-TRUST,CTR-2024-150,UnusedCommitment,SavingsPlan,3948.79,2.568,10140.49,0,10140.49,USD,2026-01-14T00:00:00Z
BL-0000938,2026-03,2026-01-01,2026-01-31,GPU-050,TEAM-TRUST,CTR-2024-150,Adjustment,SavingsPlan,,,393.58,0,393.58,USD,2026-03-08T12:00:00Z
BL-0000939,2026-02,2026-02-01,2026-02-28,GPU-050,TEAM-TRUST,CTR-2024-150,Usage,SavingsPlan,5376.0,3.379,18165.5,4359.94,13805.56,USD,2026-02-13T00:00:00Z
BL-0000940,2026-02,2026-02-01,2026-02-28,GPU-050,TEAM-TRUST,CTR-2024-150,UnusedCommitment,SavingsPlan,3542.47,2.568,9097.06,0,9097.06,USD,2026-02-13T00:00:00Z
BL-0000941,2026-03,2026-03-01,2026-03-31,GPU-050,TEAM-TRUST,CTR-2024-150,Usage,SavingsPlan,5952.0,3.379,20111.81,4827.07,15284.74,USD,2026-03-11T00:00:00Z
BL-0000942,2026-03,2026-03-01,2026-03-31,GPU-050,TEAM-TRUST,CTR-2024-150,UnusedCommitment,SavingsPlan,3902.87,2.568,10022.57,0,10022.57,USD,2026-03-11T00:00:00Z
BL-0000943,2026-04,2026-04-01,2026-04-30,GPU-050,TEAM-TRUST,CTR-2024-150,Usage,SavingsPlan,5760.0,3.379,19463.04,4671.36,14791.68,USD,2026-04-12T00:00:00Z
BL-0000944,2026-04,2026-04-01,2026-04-30,GPU-050,TEAM-TRUST,CTR-2024-150,UnusedCommitment,SavingsPlan,3770.21,2.568,9681.89,0,9681.89,USD,2026-04-12T00:00:00Z
BL-0000945,2026-05,2026-05-01,2026-05-31,GPU-050,TEAM-TRUST,CTR-2024-150,Usage,SavingsPlan,5952.0,3.379,20111.81,4827.07,15284.74,USD,2026-05-09T00:00:00Z
BL-0000946,2026-05,2026-05-01,2026-05-31,GPU-050,TEAM-TRUST,CTR-2024-150,UnusedCommitment,SavingsPlan,3875.91,2.568,9953.33,0,9953.33,USD,2026-05-09T00:00:00Z
BL-0000947,2026-06,2026-06-01,2026-06-30,GPU-050,TEAM-TRUST,CTR-2024-150,Usage,SavingsPlan,5760.0,3.379,19463.04,4671.36,14791.68,USD,2026-06-09T00:00:00Z
BL-0000948,2026-06,2026-06-01,2026-06-30,GPU-050,TEAM-TRUST,CTR-2024-150,UnusedCommitment,SavingsPlan,3733.96,2.568,9588.8,0,9588.8,USD,2026-06-09T00:00:00Z
BL-0000949,2026-08,2026-07-01,2026-07-31,GPU-050,TEAM-TRUST,CTR-2024-150,Usage,SavingsPlan,5952.0,3.379,20111.81,4827.07,15284.74,USD,2026-08-10T00:00:00Z
BL-0000950,2026-08,2026-07-01,2026-07-31,GPU-050,TEAM-TRUST,CTR-2024-150,UnusedCommitment,SavingsPlan,3839.41,2.568,9859.61,0,9859.61,USD,2026-08-10T00:00:00Z
BL-0000951,2025-09,2025-08-01,2025-08-31,GPU-051,TEAM-TRUST,,Usage,OnDemand,772.0,7.521,5806.21,0,5806.21,USD,2025-09-14T00:00:00Z
BL-0000952,2025-09,2025-09-01,2025-09-30,GPU-051,TEAM-TRUST,,Usage,OnDemand,762.0,7.521,5731.0,0,5731.0,USD,2025-09-12T00:00:00Z
BL-0000953,2025-11,2025-10-01,2025-10-31,GPU-051,TEAM-TRUST,,Usage,OnDemand,795.0,7.521,5979.19,0,5979.19,USD,2025-11-11T00:00:00Z
BL-0000954,2025-11,2025-11-01,2025-11-30,GPU-051,TEAM-TRUST,,Usage,OnDemand,762.0,7.521,5731.0,0,5731.0,USD,2025-11-08T00:00:00Z
BL-0000955,2025-12,2025-12-01,2025-12-31,GPU-051,TEAM-TRUST,,Usage,OnDemand,788.0,7.521,5926.55,0,5926.55,USD,2025-12-09T00:00:00Z
BL-0000956,2026-01,2026-01-01,2026-01-31,GPU-051,TEAM-TRUST,,Usage,OnDemand,788.0,7.521,5926.55,0,5926.55,USD,2026-01-14T00:00:00Z
BL-0000957,2026-03,2026-01-01,2026-01-31,GPU-051,TEAM-TRUST,,Adjustment,OnDemand,,,79.34,0,79.34,USD,2026-03-08T12:00:00Z
BL-0000958,2026-02,2026-02-01,2026-02-28,GPU-051,TEAM-TRUST,,Usage,OnDemand,730.0,7.521,5490.33,0,5490.33,USD,2026-02-11T00:00:00Z
BL-0000959,2026-03,2026-03-01,2026-03-31,GPU-051,TEAM-TRUST,,Usage,OnDemand,804.0,7.521,6046.88,0,6046.88,USD,2026-03-06T00:00:00Z
BL-0000960,2026-04,2026-04-01,2026-04-30,GPU-051,TEAM-TRUST,,Usage,OnDemand,793.0,7.521,5964.15,0,5964.15,USD,2026-04-10T00:00:00Z
BL-0000961,2026-06,2026-04-01,2026-04-30,GPU-051,TEAM-TRUST,,Adjustment,OnDemand,,,-193.38,0,-193.38,USD,2026-06-08T12:00:00Z
BL-0000962,2026-05,2026-05-01,2026-05-31,GPU-051,TEAM-TRUST,,Usage,OnDemand,823.0,7.521,6189.78,0,6189.78,USD,2026-05-12T00:00:00Z
BL-0000963,2026-06,2026-06-01,2026-06-30,GPU-051,TEAM-TRUST,,Usage,OnDemand,798.0,7.521,6001.76,0,6001.76,USD,2026-06-12T00:00:00Z
BL-0000964,2026-08,2026-07-01,2026-07-31,GPU-051,TEAM-TRUST,,Usage,OnDemand,837.0,7.521,6295.08,0,6295.08,USD,2026-08-10T00:00:00Z
BL-0000965,2025-08,2025-08-01,2025-08-31,GPU-052,TEAM-RES,CTR-2024-152,Usage,Reserved,17856.0,4.25,75888.0,25801.92,50086.08,USD,2025-08-08T00:00:00Z
BL-0000966,2025-08,2025-08-01,2025-08-31,GPU-052,TEAM-RES,CTR-2024-152,UnusedCommitment,Reserved,12090.61,2.805,33914.15,0,33914.15,USD,2025-08-08T00:00:00Z
BL-0000967,2025-09,2025-09-01,2025-09-30,GPU-052,TEAM-RES,CTR-2024-152,Usage,Reserved,17280.0,4.25,73440.0,24969.6,48470.4,USD,2025-09-06T00:00:00Z
BL-0000968,2025-09,2025-09-01,2025-09-30,GPU-052,TEAM-RES,CTR-2024-152,UnusedCommitment,Reserved,11731.58,2.805,32907.09,0,32907.09,USD,2025-09-06T00:00:00Z
BL-0000969,2025-10,2025-10-01,2025-10-31,GPU-052,,CTR-2024-152,Usage,Reserved,17856.0,4.25,75888.0,25801.92,50086.08,USD,2025-10-08T00:00:00Z
BL-0000970,2025-10,2025-10-01,2025-10-31,GPU-052,,CTR-2024-152,UnusedCommitment,Reserved,12082.93,2.805,33892.62,0,33892.62,USD,2025-10-08T00:00:00Z
BL-0000971,2025-11,2025-11-01,2025-11-30,GPU-052,TEAM-RES,CTR-2024-152,Usage,Reserved,17280.0,4.25,73440.0,24969.6,48470.4,USD,2025-11-07T00:00:00Z
BL-0000972,2025-11,2025-11-01,2025-11-30,GPU-052,TEAM-RES,CTR-2024-152,UnusedCommitment,Reserved,11643.81,2.805,32660.88,0,32660.88,USD,2025-11-07T00:00:00Z
BL-0000973,2025-12,2025-12-01,2025-12-31,GPU-052,TEAM-RES,CTR-2024-152,Usage,Reserved,17856.0,4.25,75888.0,25801.92,50086.08,USD,2025-12-13T00:00:00Z
BL-0000974,2025-12,2025-12-01,2025-12-31,GPU-052,TEAM-RES,CTR-2024-152,UnusedCommitment,Reserved,12021.19,2.805,33719.44,0,33719.44,USD,2025-12-13T00:00:00Z
BL-0000975,2026-01,2026-01-01,2026-01-31,GPU-052,TEAM-RES,CTR-2024-152,Usage,Reserved,17856.0,4.25,75888.0,25801.92,50086.08,USD,2026-01-08T00:00:00Z
BL-0000976,2026-01,2026-01-01,2026-01-31,GPU-052,TEAM-RES,CTR-2024-152,UnusedCommitment,Reserved,11976.77,2.805,33594.84,0,33594.84,USD,2026-01-08T00:00:00Z
BL-0000977,2026-02,2026-02-01,2026-02-28,GPU-052,TEAM-RES,CTR-2024-152,Usage,Reserved,16128.0,4.25,68544.0,23304.96,45239.04,USD,2026-02-14T00:00:00Z
BL-0000978,2026-02,2026-02-01,2026-02-28,GPU-052,TEAM-RES,CTR-2024-152,UnusedCommitment,Reserved,10805.84,2.805,30310.38,0,30310.38,USD,2026-02-14T00:00:00Z
BL-0000979,2026-04,2026-03-01,2026-03-31,GPU-052,TEAM-RES,CTR-2024-152,Usage,Reserved,17856.0,4.25,75888.0,25801.92,50086.08,USD,2026-04-10T00:00:00Z
BL-0000980,2026-04,2026-03-01,2026-03-31,GPU-052,TEAM-RES,CTR-2024-152,UnusedCommitment,Reserved,11949.84,2.805,33519.3,0,33519.3,USD,2026-04-10T00:00:00Z
BL-0000981,2026-04,2026-04-01,2026-04-30,GPU-052,TEAM-RES,CTR-2024-152,Usage,Reserved,17280.0,4.25,73440.0,24969.6,48470.4,USD,2026-04-12T00:00:00Z
BL-0000982,2026-04,2026-04-01,2026-04-30,GPU-052,TEAM-RES,CTR-2024-152,UnusedCommitment,Reserved,11552.58,2.805,32404.99,0,32404.99,USD,2026-04-12T00:00:00Z
BL-0000983,2026-05,2026-05-01,2026-05-31,GPU-052,TEAM-RES,CTR-2024-152,Usage,Reserved,17856.0,4.25,75888.0,25801.92,50086.08,USD,2026-05-12T00:00:00Z
BL-0000984,2026-05,2026-05-01,2026-05-31,GPU-052,TEAM-RES,CTR-2024-152,UnusedCommitment,Reserved,11891.12,2.805,33354.6,0,33354.6,USD,2026-05-12T00:00:00Z
BL-0000985,2026-06,2026-06-01,2026-06-30,GPU-052,TEAM-RES,CTR-2024-152,Usage,Reserved,17280.0,4.25,73440.0,24969.6,48470.4,USD,2026-06-07T00:00:00Z
BL-0000986,2026-06,2026-06-01,2026-06-30,GPU-052,TEAM-RES,CTR-2024-152,UnusedCommitment,Reserved,11507.75,2.805,32279.25,0,32279.25,USD,2026-06-07T00:00:00Z
BL-0000987,2026-08,2026-06-01,2026-06-30,GPU-052,TEAM-RES,CTR-2024-152,Adjustment,Reserved,,,-57.98,0,-57.98,USD,2026-08-08T12:00:00Z
BL-0000988,2026-07,2026-07-01,2026-07-31,GPU-052,TEAM-RES,CTR-2024-152,Usage,Reserved,17856.0,4.25,75888.0,25801.92,50086.08,USD,2026-07-12T00:00:00Z
BL-0000989,2026-07,2026-07-01,2026-07-31,GPU-052,TEAM-RES,CTR-2024-152,UnusedCommitment,Reserved,11864.27,2.805,33279.27,0,33279.27,USD,2026-07-12T00:00:00Z
BL-0000990,2025-08,2025-08-01,2025-08-31,GPU-053,TEAM-RES,CTR-2025-153,Usage,Reserved,2976.0,6.9,20534.4,6981.7,13552.7,USD,2025-08-12T00:00:00Z
BL-0000991,2025-08,2025-08-01,2025-08-31,GPU-053,TEAM-RES,CTR-2025-153,UnusedCommitment,Reserved,2550.79,4.554,11616.29,0,11616.29,USD,2025-08-12T00:00:00Z
BL-0000992,2025-10,2025-08-01,2025-08-31,GPU-053,TEAM-RES,CTR-2025-153,Adjustment,Reserved,,,353.59,0,353.59,USD,2025-10-08T12:00:00Z
BL-0000993,2025-09,2025-09-01,2025-09-30,GPU-053,TEAM-RES,CTR-2025-153,Usage,Reserved,2880.0,6.9,19872.0,6756.48,13115.52,USD,2025-09-13T00:00:00Z
BL-0000994,2025-09,2025-09-01,2025-09-30,GPU-053,TEAM-RES,CTR-2025-153,UnusedCommitment,Reserved,2538.22,4.554,11559.04,0,11559.04,USD,2025-09-13T00:00:00Z
BL-0000995,2025-10,2025-10-01,2025-10-31,GPU-053,TEAM-RES,CTR-2025-153,Usage,Reserved,2976.0,6.9,20534.4,6981.7,13552.7,USD,2025-10-06T00:00:00Z
BL-0000996,2025-10,2025-10-01,2025-10-31,GPU-053,TEAM-RES,CTR-2025-153,UnusedCommitment,Reserved,2174.22,4.554,9901.42,0,9901.42,USD,2025-10-06T00:00:00Z
BL-0000997,2025-12,2025-10-01,2025-10-31,GPU-053,TEAM-RES,CTR-2025-153,Adjustment,Reserved,,,145.39,0,145.39,USD,2025-12-08T12:00:00Z
BL-0000998,2025-11,2025-11-01,2025-11-30,GPU-053,TEAM-RES,CTR-2025-153,Usage,Reserved,2880.0,6.9,19872.0,6756.48,13115.52,USD,2025-11-11T00:00:00Z
BL-0000999,2025-11,2025-11-01,2025-11-30,GPU-053,TEAM-RES,CTR-2025-153,UnusedCommitment,Reserved,2227.27,4.554,10142.97,0,10142.97,USD,2025-11-11T00:00:00Z
BL-0001000,2026-01,2025-12-01,2025-12-31,GPU-053,TEAM-RES,CTR-2025-153,Usage,Reserved,2976.0,6.9,20534.4,6981.7,13552.7,USD,2026-01-06T00:00:00Z
BL-0001001,2026-01,2025-12-01,2025-12-31,GPU-053,TEAM-RES,CTR-2025-153,UnusedCommitment,Reserved,2682.6,4.554,12216.55,0,12216.55,USD,2026-01-06T00:00:00Z
BL-0001002,2026-01,2026-01-01,2026-01-31,GPU-053,TEAM-RES,CTR-2025-153,Usage,Reserved,2976.0,6.9,20534.4,6981.7,13552.7,USD,2026-01-11T00:00:00Z
BL-0001003,2026-01,2026-01-01,2026-01-31,GPU-053,TEAM-RES,CTR-2025-153,UnusedCommitment,Reserved,2381.51,4.554,10845.38,0,10845.38,USD,2026-01-11T00:00:00Z
BL-0001004,2026-02,2026-02-01,2026-02-28,GPU-053,TEAM-RES,CTR-2025-153,Usage,Reserved,2688.0,6.9,18547.2,6306.05,12241.15,USD,2026-02-06T00:00:00Z
BL-0001005,2026-02,2026-02-01,2026-02-28,GPU-053,TEAM-RES,CTR-2025-153,UnusedCommitment,Reserved,1913.89,4.554,8715.84,0,8715.84,USD,2026-02-06T00:00:00Z
BL-0001006,2026-03,2026-03-01,2026-03-31,GPU-053,TEAM-RES,CTR-2025-153,Usage,Reserved,2976.0,6.9,20534.4,6981.7,13552.7,USD,2026-03-13T00:00:00Z
BL-0001007,2026-03,2026-03-01,2026-03-31,GPU-053,TEAM-RES,CTR-2025-153,UnusedCommitment,Reserved,2513.19,4.554,11445.09,0,11445.09,USD,2026-03-13T00:00:00Z
BL-0001008,2026-04,2026-04-01,2026-04-30,GPU-053,TEAM-RES,CTR-2025-153,Usage,Reserved,2880.0,6.9,19872.0,6756.48,13115.52,USD,2026-04-08T00:00:00Z
BL-0001009,2026-04,2026-04-01,2026-04-30,GPU-053,TEAM-RES,CTR-2025-153,UnusedCommitment,Reserved,2544.96,4.554,11589.73,0,11589.73,USD,2026-04-08T00:00:00Z
BL-0001010,2026-05,2026-05-01,2026-05-31,GPU-053,TEAM-RES,CTR-2025-153,Usage,Reserved,2976.0,6.9,20534.4,6981.7,13552.7,USD,2026-05-07T00:00:00Z
BL-0001011,2026-05,2026-05-01,2026-05-31,GPU-053,TEAM-RES,CTR-2025-153,UnusedCommitment,Reserved,2178.07,4.554,9918.91,0,9918.91,USD,2026-05-07T00:00:00Z
BL-0001012,2026-07,2026-06-01,2026-06-30,GPU-053,TEAM-RES,CTR-2025-153,Usage,Reserved,2880.0,6.9,19872.0,6756.48,13115.52,USD,2026-07-14T00:00:00Z
BL-0001013,2026-07,2026-06-01,2026-06-30,GPU-053,TEAM-RES,CTR-2025-153,UnusedCommitment,Reserved,2180.7,4.554,9930.91,0,9930.91,USD,2026-07-14T00:00:00Z
BL-0001014,2026-07,2026-07-01,2026-07-31,GPU-053,TEAM-RES,CTR-2025-153,Usage,Reserved,2976.0,6.9,20534.4,6981.7,13552.7,USD,2026-07-11T00:00:00Z
BL-0001015,2026-07,2026-07-01,2026-07-31,GPU-053,TEAM-RES,CTR-2025-153,UnusedCommitment,Reserved,2668.84,4.554,12153.91,0,12153.91,USD,2026-07-11T00:00:00Z
BL-0001016,2025-09,2025-08-01,2025-08-31,GPU-054,TEAM-RES,CTR-2024-154,Usage,Reserved,8928.0,3.1,27676.8,9410.11,18266.69,USD,2025-09-10T00:00:00Z
BL-0001017,2025-09,2025-08-01,2025-08-31,GPU-054,TEAM-RES,CTR-2024-154,UnusedCommitment,Reserved,7085.71,2.046,14497.36,0,14497.36,USD,2025-09-10T00:00:00Z
BL-0001018,2025-09,2025-09-01,2025-09-30,GPU-054,TEAM-RES,CTR-2024-154,Usage,Reserved,8640.0,3.1,26784.0,9106.56,17677.44,USD,2025-09-11T00:00:00Z
BL-0001019,2025-09,2025-09-01,2025-09-30,GPU-054,TEAM-RES,CTR-2024-154,UnusedCommitment,Reserved,4795.71,2.046,9812.03,0,9812.03,USD,2025-09-11T00:00:00Z
BL-0001020,2025-10,2025-10-01,2025-10-31,GPU-054,TEAM-RES,CTR-2024-154,Usage,Reserved,8928.0,3.1,27676.8,9410.11,18266.69,USD,2025-10-10T00:00:00Z
BL-0001021,2025-10,2025-10-01,2025-10-31,GPU-054,TEAM-RES,CTR-2024-154,UnusedCommitment,Reserved,3530.41,2.046,7223.21,0,7223.21,USD,2025-10-10T00:00:00Z
BL-0001022,2025-11,2025-11-01,2025-11-30,GPU-054,TEAM-RES,CTR-2024-154,Usage,Reserved,8640.0,3.1,26784.0,9106.56,17677.44,USD,2025-11-07T00:00:00Z
BL-0001023,2025-11,2025-11-01,2025-11-30,GPU-054,TEAM-RES,CTR-2024-154,UnusedCommitment,Reserved,6081.17,2.046,12442.07,0,12442.07,USD,2025-11-07T00:00:00Z
BL-0001024,2025-12,2025-12-01,2025-12-31,GPU-054,TEAM-RES,CTR-2024-154,Usage,Reserved,8928.0,3.1,27676.8,9410.11,18266.69,USD,2025-12-09T00:00:00Z
BL-0001025,2025-12,2025-12-01,2025-12-31,GPU-054,TEAM-RES,CTR-2024-154,UnusedCommitment,Reserved,6453.92,2.046,13204.73,0,13204.73,USD,2025-12-09T00:00:00Z
BL-0001026,2026-01,2026-01-01,2026-01-31,GPU-054,TEAM-RES,CTR-2024-154,Usage,Reserved,8928.0,3.1,27676.8,9410.11,18266.69,USD,2026-01-14T00:00:00Z
BL-0001027,2026-01,2026-01-01,2026-01-31,GPU-054,TEAM-RES,CTR-2024-154,UnusedCommitment,Reserved,3577.51,2.046,7319.58,0,7319.58,USD,2026-01-14T00:00:00Z
BL-0001028,2026-02,2026-02-01,2026-02-28,GPU-054,TEAM-RES,CTR-2024-154,Usage,Reserved,8064.0,3.1,24998.4,8499.46,16498.94,USD,2026-02-06T00:00:00Z
BL-0001029,2026-02,2026-02-01,2026-02-28,GPU-054,TEAM-RES,CTR-2024-154,UnusedCommitment,Reserved,4132.64,2.046,8455.38,0,8455.38,USD,2026-02-06T00:00:00Z
BL-0001030,2026-03,2026-03-01,2026-03-31,GPU-054,TEAM-RES,CTR-2024-154,Usage,Reserved,8928.0,3.1,27676.8,9410.11,18266.69,USD,2026-03-07T00:00:00Z
BL-0001031,2026-03,2026-03-01,2026-03-31,GPU-054,TEAM-RES,CTR-2024-154,UnusedCommitment,Reserved,7000.16,2.046,14322.32,0,14322.32,USD,2026-03-07T00:00:00Z
BL-0001032,2026-04,2026-04-01,2026-04-30,GPU-054,TEAM-RES,CTR-2024-154,Usage,Reserved,8640.0,3.1,26784.0,9106.56,17677.44,USD,2026-04-11T00:00:00Z
BL-0001033,2026-04,2026-04-01,2026-04-30,GPU-054,TEAM-RES,CTR-2024-154,UnusedCommitment,Reserved,4849.99,2.046,9923.08,0,9923.08,USD,2026-04-11T00:00:00Z
BL-0001034,2026-05,2026-05-01,2026-05-31,GPU-054,TEAM-RES,CTR-2024-154,Usage,Reserved,8928.0,3.1,27676.8,9410.11,18266.69,USD,2026-05-14T00:00:00Z
BL-0001035,2026-05,2026-05-01,2026-05-31,GPU-054,TEAM-RES,CTR-2024-154,UnusedCommitment,Reserved,3347.91,2.046,6849.83,0,6849.83,USD,2026-05-14T00:00:00Z
BL-0001036,2026-06,2026-06-01,2026-06-30,GPU-054,TEAM-RES,CTR-2024-154,Usage,Reserved,8640.0,3.1,26784.0,9106.56,17677.44,USD,2026-06-10T00:00:00Z
BL-0001037,2026-06,2026-06-01,2026-06-30,GPU-054,TEAM-RES,CTR-2024-154,UnusedCommitment,Reserved,5831.59,2.046,11931.44,0,11931.44,USD,2026-06-10T00:00:00Z
BL-0001038,2026-07,2026-07-01,2026-07-31,GPU-054,TEAM-RES,CTR-2024-154,Usage,Reserved,8928.0,3.1,27676.8,9410.11,18266.69,USD,2026-07-10T00:00:00Z
BL-0001039,2026-07,2026-07-01,2026-07-31,GPU-054,TEAM-RES,CTR-2024-154,UnusedCommitment,Reserved,6507.15,2.046,13313.62,0,13313.62,USD,2026-07-10T00:00:00Z
BL-0001040,2025-08,2025-08-01,2025-08-31,GPU-055,TEAM-RES,CTR-2025-155,Usage,Reserved,17856.0,4.25,75888.0,25801.92,50086.08,USD,2025-08-14T00:00:00Z
BL-0001041,2025-08,2025-08-01,2025-08-31,GPU-055,TEAM-RES,CTR-2025-155,UnusedCommitment,Reserved,15478.78,2.805,43417.98,0,43417.98,USD,2025-08-14T00:00:00Z
BL-0001042,2025-09,2025-09-01,2025-09-30,GPU-055,TEAM-RES,CTR-2025-155,Usage,Reserved,17280.0,4.25,73440.0,24969.6,48470.4,USD,2025-09-08T00:00:00Z
BL-0001043,2025-09,2025-09-01,2025-09-30,GPU-055,TEAM-RES,CTR-2025-155,UnusedCommitment,Reserved,12503.61,2.805,35072.62,0,35072.62,USD,2025-09-08T00:00:00Z
BL-0001044,2025-10,2025-10-01,2025-10-31,GPU-055,TEAM-RES,CTR-2025-155,Usage,Reserved,17856.0,4.25,75888.0,25801.92,50086.08,USD,2025-10-14T00:00:00Z
BL-0001045,2025-10,2025-10-01,2025-10-31,GPU-055,TEAM-RES,CTR-2025-155,UnusedCommitment,Reserved,14149.42,2.805,39689.13,0,39689.13,USD,2025-10-14T00:00:00Z
BL-0001046,2025-11,2025-11-01,2025-11-30,GPU-055,TEAM-RES,CTR-2025-155,Usage,Reserved,17280.0,4.25,73440.0,24969.6,48470.4,USD,2025-11-12T00:00:00Z
BL-0001047,2025-11,2025-11-01,2025-11-30,GPU-055,TEAM-RES,CTR-2025-155,UnusedCommitment,Reserved,15639.25,2.805,43868.1,0,43868.1,USD,2025-11-12T00:00:00Z
BL-0001048,2025-12,2025-12-01,2025-12-31,GPU-055,TEAM-RES,CTR-2025-155,Usage,Reserved,17856.0,4.25,75888.0,25801.92,50086.08,USD,2025-12-06T00:00:00Z
BL-0001049,2025-12,2025-12-01,2025-12-31,GPU-055,TEAM-RES,CTR-2025-155,UnusedCommitment,Reserved,13984.07,2.805,39225.31,0,39225.31,USD,2025-12-06T00:00:00Z
BL-0001050,2026-01,2026-01-01,2026-01-31,GPU-055,TEAM-RES,CTR-2025-155,Usage,Reserved,17856.0,4.25,75888.0,25801.92,50086.08,USD,2026-01-11T00:00:00Z
BL-0001051,2026-01,2026-01-01,2026-01-31,GPU-055,TEAM-RES,CTR-2025-155,UnusedCommitment,Reserved,12945.72,2.805,36312.75,0,36312.75,USD,2026-01-11T00:00:00Z
BL-0001052,2026-02,2026-02-01,2026-02-28,GPU-055,TEAM-RES,CTR-2025-155,Usage,Reserved,16128.0,4.25,68544.0,23304.96,45239.04,USD,2026-02-13T00:00:00Z
BL-0001053,2026-02,2026-02-01,2026-02-28,GPU-055,TEAM-RES,CTR-2025-155,UnusedCommitment,Reserved,14000.22,2.805,39270.61,0,39270.61,USD,2026-02-13T00:00:00Z
BL-0001054,2026-03,2026-03-01,2026-03-31,GPU-055,TEAM-RES,CTR-2025-155,Usage,Reserved,17856.0,4.25,75888.0,25801.92,50086.08,USD,2026-03-14T00:00:00Z
BL-0001055,2026-03,2026-03-01,2026-03-31,GPU-055,TEAM-RES,CTR-2025-155,UnusedCommitment,Reserved,15537.34,2.805,43582.25,0,43582.25,USD,2026-03-14T00:00:00Z
BL-0001056,2026-04,2026-04-01,2026-04-30,GPU-055,TEAM-RES,CTR-2025-155,Usage,Reserved,17280.0,4.25,73440.0,24969.6,48470.4,USD,2026-04-09T00:00:00Z
BL-0001057,2026-04,2026-04-01,2026-04-30,GPU-055,TEAM-RES,CTR-2025-155,UnusedCommitment,Reserved,12435.62,2.805,34881.9,0,34881.9,USD,2026-04-09T00:00:00Z
BL-0001058,2026-05,2026-05-01,2026-05-31,GPU-055,TEAM-RES,CTR-2025-155,Usage,Reserved,17856.0,4.25,75888.0,25801.92,50086.08,USD,2026-05-09T00:00:00Z
BL-0001059,2026-05,2026-05-01,2026-05-31,GPU-055,TEAM-RES,CTR-2025-155,UnusedCommitment,Reserved,13857.69,2.805,38870.82,0,38870.82,USD,2026-05-09T00:00:00Z
BL-0001060,2026-06,2026-06-01,2026-06-30,GPU-055,,CTR-2025-155,Usage,Reserved,17280.0,4.25,73440.0,24969.6,48470.4,USD,2026-06-13T00:00:00Z
BL-0001061,2026-06,2026-06-01,2026-06-30,GPU-055,,CTR-2025-155,UnusedCommitment,Reserved,15579.96,2.805,43701.78,0,43701.78,USD,2026-06-13T00:00:00Z
BL-0001062,2026-07,2026-07-01,2026-07-31,GPU-055,TEAM-RES,CTR-2025-155,Usage,Reserved,17856.0,4.25,75888.0,25801.92,50086.08,USD,2026-07-06T00:00:00Z
BL-0001063,2026-07,2026-07-01,2026-07-31,GPU-055,TEAM-RES,CTR-2025-155,UnusedCommitment,Reserved,14051.12,2.805,39413.38,0,39413.38,USD,2026-07-06T00:00:00Z
BL-0001064,2025-08,2025-08-01,2025-08-31,GPU-056,,CTR-2024-156,Usage,Reserved,2976.0,6.9,20534.4,6981.7,13552.7,USD,2025-08-07T00:00:00Z
BL-0001065,2025-08,2025-08-01,2025-08-31,GPU-056,,CTR-2024-156,UnusedCommitment,Reserved,2014.83,4.554,9175.54,0,9175.54,USD,2025-08-07T00:00:00Z
BL-0001066,2025-10,2025-09-01,2025-09-30,GPU-056,TEAM-RES,CTR-2024-156,Usage,Reserved,2880.0,6.9,19872.0,6756.48,13115.52,USD,2025-10-13T00:00:00Z
BL-0001067,2025-10,2025-09-01,2025-09-30,GPU-056,TEAM-RES,CTR-2024-156,UnusedCommitment,Reserved,1951.07,4.554,8885.16,0,8885.16,USD,2025-10-13T00:00:00Z
BL-0001068,2025-10,2025-10-01,2025-10-31,GPU-056,TEAM-RES,CTR-2024-156,Usage,Reserved,2976.0,6.9,20534.4,6981.7,13552.7,USD,2025-10-13T00:00:00Z
BL-0001069,2025-10,2025-10-01,2025-10-31,GPU-056,TEAM-RES,CTR-2024-156,UnusedCommitment,Reserved,2013.17,4.554,9167.96,0,9167.96,USD,2025-10-13T00:00:00Z
BL-0001070,2025-11,2025-11-01,2025-11-30,GPU-056,TEAM-RES,CTR-2024-156,Usage,Reserved,2880.0,6.9,19872.0,6756.48,13115.52,USD,2025-11-11T00:00:00Z
BL-0001071,2025-11,2025-11-01,2025-11-30,GPU-056,TEAM-RES,CTR-2024-156,UnusedCommitment,Reserved,1939.42,4.554,8832.11,0,8832.11,USD,2025-11-11T00:00:00Z
BL-0001072,2025-12,2025-12-01,2025-12-31,GPU-056,TEAM-RES,CTR-2024-156,Usage,Reserved,2976.0,6.9,20534.4,6981.7,13552.7,USD,2025-12-08T00:00:00Z
BL-0001073,2025-12,2025-12-01,2025-12-31,GPU-056,TEAM-RES,CTR-2024-156,UnusedCommitment,Reserved,2001.66,4.554,9115.58,0,9115.58,USD,2025-12-08T00:00:00Z
BL-0001074,2026-01,2026-01-01,2026-01-31,GPU-056,TEAM-RES,CTR-2024-156,Usage,Reserved,2976.0,6.9,20534.4,6981.7,13552.7,USD,2026-01-11T00:00:00Z
BL-0001075,2026-01,2026-01-01,2026-01-31,GPU-056,TEAM-RES,CTR-2024-156,UnusedCommitment,Reserved,1999.97,4.554,9107.84,0,9107.84,USD,2026-01-11T00:00:00Z
BL-0001076,2026-02,2026-02-01,2026-02-28,GPU-056,TEAM-RES,CTR-2024-156,Usage,Reserved,2688.0,6.9,18547.2,6306.05,12241.15,USD,2026-02-09T00:00:00Z
BL-0001077,2026-02,2026-02-01,2026-02-28,GPU-056,TEAM-RES,CTR-2024-156,UnusedCommitment,Reserved,1799.65,4.554,8195.6,0,8195.6,USD,2026-02-09T00:00:00Z
BL-0001078,2026-03,2026-03-01,2026-03-31,GPU-056,TEAM-RES,CTR-2024-156,Usage,Reserved,2976.0,6.9,20534.4,6981.7,13552.7,USD,2026-03-14T00:00:00Z
BL-0001079,2026-03,2026-03-01,2026-03-31,GPU-056,TEAM-RES,CTR-2024-156,UnusedCommitment,Reserved,1991.9,4.554,9071.11,0,9071.11,USD,2026-03-14T00:00:00Z
BL-0001080,2026-04,2026-04-01,2026-04-30,GPU-056,TEAM-RES,CTR-2024-156,Usage,Reserved,2880.0,6.9,19872.0,6756.48,13115.52,USD,2026-04-06T00:00:00Z
BL-0001081,2026-04,2026-04-01,2026-04-30,GPU-056,TEAM-RES,CTR-2024-156,UnusedCommitment,Reserved,1926.71,4.554,8774.24,0,8774.24,USD,2026-04-06T00:00:00Z
BL-0001082,2026-05,2026-05-01,2026-05-31,GPU-056,TEAM-RES,CTR-2024-156,Usage,Reserved,2976.0,6.9,20534.4,6981.7,13552.7,USD,2026-05-07T00:00:00Z
BL-0001083,2026-05,2026-05-01,2026-05-31,GPU-056,TEAM-RES,CTR-2024-156,UnusedCommitment,Reserved,1976.38,4.554,9000.44,0,9000.44,USD,2026-05-07T00:00:00Z
BL-0001084,2026-06,2026-06-01,2026-06-30,GPU-056,TEAM-RES,CTR-2024-156,Usage,Reserved,2880.0,6.9,19872.0,6756.48,13115.52,USD,2026-06-09T00:00:00Z
BL-0001085,2026-06,2026-06-01,2026-06-30,GPU-056,TEAM-RES,CTR-2024-156,UnusedCommitment,Reserved,1920.88,4.554,8747.67,0,8747.67,USD,2026-06-09T00:00:00Z
BL-0001086,2026-07,2026-07-01,2026-07-31,GPU-056,TEAM-RES,CTR-2024-156,Usage,Reserved,2976.0,6.9,20534.4,6981.7,13552.7,USD,2026-07-13T00:00:00Z
BL-0001087,2026-07,2026-07-01,2026-07-31,GPU-056,TEAM-RES,CTR-2024-156,UnusedCommitment,Reserved,1983.47,4.554,9032.73,0,9032.73,USD,2026-07-13T00:00:00Z
BL-0001088,2025-08,2025-08-01,2025-08-31,GPU-057,TEAM-RES,CTR-2025-157,Usage,SavingsPlan,8928.0,3.1,27676.8,6642.43,21034.37,USD,2025-08-07T00:00:00Z
BL-0001089,2025-08,2025-08-01,2025-08-31,GPU-057,TEAM-RES,CTR-2025-157,UnusedCommitment,SavingsPlan,6429.93,2.356,15148.93,0,15148.93,USD,2025-08-07T00:00:00Z
BL-0001090,2025-09,2025-09-01,2025-09-30,GPU-057,TEAM-RES,CTR-2025-157,Usage,SavingsPlan,8640.0,3.1,26784.0,6428.16,20355.84,USD,2025-09-12T00:00:00Z
BL-0001091,2025-09,2025-09-01,2025-09-30,GPU-057,TEAM-RES,CTR-2025-157,UnusedCommitment,SavingsPlan,7005.31,2.356,16504.51,0,16504.51,USD,2025-09-12T00:00:00Z
BL-0001092,2025-10,2025-10-01,2025-10-31,GPU-057,TEAM-RES,CTR-2025-157,Usage,SavingsPlan,8928.0,3.1,27676.8,6642.43,21034.37,USD,2025-10-12T00:00:00Z
BL-0001093,2025-10,2025-10-01,2025-10-31,GPU-057,TEAM-RES,CTR-2025-157,UnusedCommitment,SavingsPlan,8044.43,2.356,18952.69,0,18952.69,USD,2025-10-12T00:00:00Z
BL-0001094,2025-11,2025-11-01,2025-11-30,GPU-057,TEAM-RES,CTR-2025-157,Usage,SavingsPlan,8640.0,3.1,26784.0,6428.16,20355.84,USD,2025-11-07T00:00:00Z
BL-0001095,2025-11,2025-11-01,2025-11-30,GPU-057,TEAM-RES,CTR-2025-157,UnusedCommitment,SavingsPlan,6625.06,2.356,15608.63,0,15608.63,USD,2025-11-07T00:00:00Z
BL-0001096,2025-12,2025-12-01,2025-12-31,GPU-057,TEAM-RES,CTR-2025-157,Usage,SavingsPlan,8928.0,3.1,27676.8,6642.43,21034.37,USD,2025-12-11T00:00:00Z
BL-0001097,2025-12,2025-12-01,2025-12-31,GPU-057,TEAM-RES,CTR-2025-157,UnusedCommitment,SavingsPlan,6550.9,2.356,15433.92,0,15433.92,USD,2025-12-11T00:00:00Z
BL-0001098,2026-01,2026-01-01,2026-01-31,GPU-057,TEAM-RES,CTR-2025-157,Usage,SavingsPlan,8928.0,3.1,27676.8,6642.43,21034.37,USD,2026-01-08T00:00:00Z
BL-0001099,2026-01,2026-01-01,2026-01-31,GPU-057,TEAM-RES,CTR-2025-157,UnusedCommitment,SavingsPlan,7895.65,2.356,18602.14,0,18602.14,USD,2026-01-08T00:00:00Z
BL-0001100,2026-02,2026-02-01,2026-02-28,GPU-057,TEAM-RES,CTR-2025-157,Usage,SavingsPlan,8064.0,3.1,24998.4,5999.62,18998.78,USD,2026-02-08T00:00:00Z
BL-0001101,2026-02,2026-02-01,2026-02-28,GPU-057,TEAM-RES,CTR-2025-157,UnusedCommitment,SavingsPlan,6870.06,2.356,16185.87,0,16185.87,USD,2026-02-08T00:00:00Z
BL-0001102,2026-03,2026-03-01,2026-03-31,GPU-057,TEAM-RES,CTR-2025-157,Usage,SavingsPlan,8928.0,3.1,27676.8,6642.43,21034.37,USD,2026-03-11T00:00:00Z
BL-0001103,2026-03,2026-03-01,2026-03-31,GPU-057,TEAM-RES,CTR-2025-157,UnusedCommitment,SavingsPlan,6378.59,2.356,15027.96,0,15027.96,USD,2026-03-11T00:00:00Z
BL-0001104,2026-04,2026-04-01,2026-04-30,GPU-057,TEAM-RES,CTR-2025-157,Usage,SavingsPlan,8640.0,3.1,26784.0,6428.16,20355.84,USD,2026-04-06T00:00:00Z
BL-0001105,2026-04,2026-04-01,2026-04-30,GPU-057,TEAM-RES,CTR-2025-157,UnusedCommitment,SavingsPlan,6891.39,2.356,16236.11,0,16236.11,USD,2026-04-06T00:00:00Z
BL-0001106,2026-05,2026-05-01,2026-05-31,GPU-057,TEAM-RES,CTR-2025-157,Usage,SavingsPlan,8928.0,3.1,27676.8,6642.43,21034.37,USD,2026-05-13T00:00:00Z
BL-0001107,2026-05,2026-05-01,2026-05-31,GPU-057,TEAM-RES,CTR-2025-157,UnusedCommitment,SavingsPlan,8042.36,2.356,18947.8,0,18947.8,USD,2026-05-13T00:00:00Z
BL-0001108,2026-06,2026-06-01,2026-06-30,GPU-057,TEAM-RES,CTR-2025-157,Usage,SavingsPlan,8640.0,3.1,26784.0,6428.16,20355.84,USD,2026-06-13T00:00:00Z
BL-0001109,2026-06,2026-06-01,2026-06-30,GPU-057,TEAM-RES,CTR-2025-157,UnusedCommitment,SavingsPlan,6637.54,2.356,15638.04,0,15638.04,USD,2026-06-13T00:00:00Z
BL-0001110,2026-07,2026-07-01,2026-07-31,GPU-057,TEAM-RES,CTR-2025-157,Usage,SavingsPlan,8928.0,3.1,27676.8,6642.43,21034.37,USD,2026-07-14T00:00:00Z
BL-0001111,2026-07,2026-07-01,2026-07-31,GPU-057,TEAM-RES,CTR-2025-157,UnusedCommitment,SavingsPlan,6429.87,2.356,15148.76,0,15148.76,USD,2026-07-14T00:00:00Z
BL-0001112,2025-08,2025-08-01,2025-08-31,GPU-058,TEAM-RES,,Usage,OnDemand,11946.0,4.25,50770.5,0,50770.5,USD,2025-08-09T00:00:00Z
BL-0001113,2025-09,2025-09-01,2025-09-30,GPU-058,TEAM-RES,,Usage,OnDemand,5208.0,4.25,22134.0,0,22134.0,USD,2025-09-10T00:00:00Z
BL-0001114,2025-10,2025-10-01,2025-10-31,GPU-058,TEAM-RES,,Usage,OnDemand,7703.0,4.25,32737.75,0,32737.75,USD,2025-10-13T00:00:00Z
BL-0001115,2025-12,2025-11-01,2025-11-30,GPU-058,TEAM-RES,,Usage,OnDemand,12943.0,4.25,55007.75,0,55007.75,USD,2025-12-08T00:00:00Z
BL-0001116,2025-12,2025-12-01,2025-12-31,GPU-058,TEAM-RES,,Usage,OnDemand,8695.0,4.25,36953.75,0,36953.75,USD,2025-12-07T00:00:00Z
BL-0001117,2026-01,2026-01-01,2026-01-31,GPU-058,TEAM-RES,,Usage,OnDemand,5093.0,4.25,21645.25,0,21645.25,USD,2026-01-14T00:00:00Z
BL-0001118,2026-02,2026-02-01,2026-02-28,GPU-058,TEAM-RES,,Usage,OnDemand,10382.0,4.25,44123.5,0,44123.5,USD,2026-02-10T00:00:00Z
BL-0001119,2026-03,2026-03-01,2026-03-31,GPU-058,TEAM-RES,,Usage,OnDemand,12670.0,4.25,53847.5,0,53847.5,USD,2026-03-07T00:00:00Z
BL-0001120,2026-05,2026-04-01,2026-04-30,gpu_058,TEAM-RES,,Usage,OnDemand,5575.0,4.25,23693.75,0,23693.75,USD,2026-05-10T00:00:00Z
BL-0001121,2026-05,2026-05-01,2026-05-31,GPU-058,TEAM-RES,,Usage,OnDemand,7486.0,4.25,31815.5,0,31815.5,USD,2026-05-07T00:00:00Z
BL-0001122,2026-06,2026-06-01,2026-06-30,gpu_058,TEAM-RES,,Usage,OnDemand,13318.0,4.25,56601.5,0,56601.5,USD,2026-06-07T00:00:00Z
BL-0001123,2026-07,2026-07-01,2026-07-31,GPU-058,TEAM-RES,,Usage,OnDemand,9327.0,4.25,39639.75,0,39639.75,USD,2026-07-12T00:00:00Z
BL-0001124,2025-08,2025-08-01,2025-08-31,,TEAM-FMT,,Support,OnDemand,,,1593.31,0,1593.31,USD,2025-08-07T10:00:00Z
BL-0001125,2025-08,2025-08-01,2025-08-31,,TEAM-SRCH,,Support,OnDemand,,,1433.72,0,1433.72,USD,2025-08-07T10:00:00Z
BL-0001126,2025-08,2025-08-01,2025-08-31,,TEAM-CONV,,Support,OnDemand,,,1516.28,0,1516.28,USD,2025-08-07T10:00:00Z
BL-0001127,2025-08,2025-08-01,2025-08-31,,TEAM-DOC,,Support,OnDemand,,,1174.82,0,1174.82,USD,2025-08-07T10:00:00Z
BL-0001128,2025-08,2025-08-01,2025-08-31,,TEAM-MIP,,Support,OnDemand,,,1545.38,0,1545.38,USD,2025-08-07T10:00:00Z
BL-0001129,2025-08,2025-08-01,2025-08-31,,TEAM-TRUST,,Support,OnDemand,,,1160.99,0,1160.99,USD,2025-08-07T10:00:00Z
BL-0001130,2025-08,2025-08-01,2025-08-31,,TEAM-RES,,Support,OnDemand,,,1066.52,0,1066.52,USD,2025-08-07T10:00:00Z
BL-0001131,2025-09,2025-09-01,2025-09-30,,TEAM-FMT,,Support,OnDemand,,,1210.19,0,1210.19,USD,2025-09-07T10:00:00Z
BL-0001132,2025-09,2025-09-01,2025-09-30,,TEAM-SRCH,,Support,OnDemand,,,1258.18,0,1258.18,USD,2025-09-07T10:00:00Z
BL-0001133,2025-09,2025-09-01,2025-09-30,,TEAM-CONV,,Support,OnDemand,,,1123.05,0,1123.05,USD,2025-09-07T10:00:00Z
BL-0001134,2025-09,2025-09-01,2025-09-30,,TEAM-DOC,,Support,OnDemand,,,1587.67,0,1587.67,USD,2025-09-07T10:00:00Z
BL-0001135,2025-09,2025-09-01,2025-09-30,,TEAM-MIP,,Support,OnDemand,,,1267.18,0,1267.18,USD,2025-09-07T10:00:00Z
BL-0001136,2025-09,2025-09-01,2025-09-30,,TEAM-TRUST,,Support,OnDemand,,,1542.31,0,1542.31,USD,2025-09-07T10:00:00Z
BL-0001137,2025-09,2025-09-01,2025-09-30,,TEAM-RES,,Support,OnDemand,,,1565.71,0,1565.71,USD,2025-09-07T10:00:00Z
BL-0001138,2025-10,2025-10-01,2025-10-31,,TEAM-FMT,,Support,OnDemand,,,1481.92,0,1481.92,USD,2025-10-07T10:00:00Z
BL-0001139,2025-10,2025-10-01,2025-10-31,,TEAM-SRCH,,Support,OnDemand,,,1567.66,0,1567.66,USD,2025-10-07T10:00:00Z
BL-0001140,2025-10,2025-10-01,2025-10-31,,TEAM-CONV,,Support,OnDemand,,,1384.88,0,1384.88,USD,2025-10-07T10:00:00Z
BL-0001141,2025-10,2025-10-01,2025-10-31,,TEAM-DOC,,Support,OnDemand,,,982.15,0,982.15,USD,2025-10-07T10:00:00Z
BL-0001142,2025-10,2025-10-01,2025-10-31,,TEAM-MIP,,Support,OnDemand,,,1623.16,0,1623.16,USD,2025-10-07T10:00:00Z
BL-0001143,2025-10,2025-10-01,2025-10-31,,TEAM-TRUST,,Support,OnDemand,,,978.86,0,978.86,USD,2025-10-07T10:00:00Z
BL-0001144,2025-10,2025-10-01,2025-10-31,,TEAM-RES,,Support,OnDemand,,,1403.08,0,1403.08,USD,2025-10-07T10:00:00Z
BL-0001145,2025-11,2025-11-01,2025-11-30,,TEAM-FMT,,Support,OnDemand,,,1289.36,0,1289.36,USD,2025-11-07T10:00:00Z
BL-0001146,2025-11,2025-11-01,2025-11-30,,TEAM-SRCH,,Support,OnDemand,,,1045.87,0,1045.87,USD,2025-11-07T10:00:00Z
BL-0001147,2025-11,2025-11-01,2025-11-30,,TEAM-CONV,,Support,OnDemand,,,1178.93,0,1178.93,USD,2025-11-07T10:00:00Z
BL-0001148,2025-11,2025-11-01,2025-11-30,,TEAM-DOC,,Support,OnDemand,,,1396.42,0,1396.42,USD,2025-11-07T10:00:00Z
BL-0001149,2025-11,2025-11-01,2025-11-30,,TEAM-MIP,,Support,OnDemand,,,1374.47,0,1374.47,USD,2025-11-07T10:00:00Z
BL-0001150,2025-11,2025-11-01,2025-11-30,,TEAM-TRUST,,Support,OnDemand,,,1463.04,0,1463.04,USD,2025-11-07T10:00:00Z
BL-0001151,2025-11,2025-11-01,2025-11-30,,TEAM-RES,,Support,OnDemand,,,1009.67,0,1009.67,USD,2025-11-07T10:00:00Z
BL-0001152,2025-12,2025-12-01,2025-12-31,,TEAM-FMT,,Support,OnDemand,,,1144.14,0,1144.14,USD,2025-12-07T10:00:00Z
BL-0001153,2025-12,2025-12-01,2025-12-31,,TEAM-SRCH,,Support,OnDemand,,,1725.55,0,1725.55,USD,2025-12-07T10:00:00Z
BL-0001154,2025-12,2025-12-01,2025-12-31,,TEAM-CONV,,Support,OnDemand,,,1067.53,0,1067.53,USD,2025-12-07T10:00:00Z
BL-0001155,2025-12,2025-12-01,2025-12-31,,TEAM-DOC,,Support,OnDemand,,,1398.27,0,1398.27,USD,2025-12-07T10:00:00Z
BL-0001156,2025-12,2025-12-01,2025-12-31,,TEAM-MIP,,Support,OnDemand,,,1525.04,0,1525.04,USD,2025-12-07T10:00:00Z
BL-0001157,2025-12,2025-12-01,2025-12-31,,TEAM-TRUST,,Support,OnDemand,,,1205.18,0,1205.18,USD,2025-12-07T10:00:00Z
BL-0001158,2025-12,2025-12-01,2025-12-31,,TEAM-RES,,Support,OnDemand,,,1398.39,0,1398.39,USD,2025-12-07T10:00:00Z
BL-0001159,2025-12,2025-12-01,2025-12-31,,TEAM-MIP,,Credit,OnDemand,,,-35450.51,0,-35450.51,USD,2025-12-15T08:00:00Z
BL-0001160,2026-01,2026-01-01,2026-01-31,,TEAM-FMT,,Support,OnDemand,,,1524.29,0,1524.29,USD,2026-01-07T10:00:00Z
BL-0001161,2026-01,2026-01-01,2026-01-31,,TEAM-SRCH,,Support,OnDemand,,,1097.57,0,1097.57,USD,2026-01-07T10:00:00Z
BL-0001162,2026-01,2026-01-01,2026-01-31,,TEAM-CONV,,Support,OnDemand,,,1446.42,0,1446.42,USD,2026-01-07T10:00:00Z
BL-0001163,2026-01,2026-01-01,2026-01-31,,TEAM-DOC,,Support,OnDemand,,,1596.98,0,1596.98,USD,2026-01-07T10:00:00Z
BL-0001164,2026-01,2026-01-01,2026-01-31,,TEAM-MIP,,Support,OnDemand,,,1516.16,0,1516.16,USD,2026-01-07T10:00:00Z
BL-0001165,2026-01,2026-01-01,2026-01-31,,TEAM-TRUST,,Support,OnDemand,,,1588.98,0,1588.98,USD,2026-01-07T10:00:00Z
BL-0001166,2026-01,2026-01-01,2026-01-31,,TEAM-RES,,Support,OnDemand,,,1082.66,0,1082.66,USD,2026-01-07T10:00:00Z
BL-0001167,2026-02,2026-02-01,2026-02-28,,TEAM-FMT,,Support,OnDemand,,,1267.82,0,1267.82,USD,2026-02-07T10:00:00Z
BL-0001168,2026-02,2026-02-01,2026-02-28,,TEAM-SRCH,,Support,OnDemand,,,1557.48,0,1557.48,USD,2026-02-07T10:00:00Z
BL-0001169,2026-02,2026-02-01,2026-02-28,,TEAM-CONV,,Support,OnDemand,,,1551.52,0,1551.52,USD,2026-02-07T10:00:00Z
BL-0001170,2026-02,2026-02-01,2026-02-28,,TEAM-DOC,,Support,OnDemand,,,1451.21,0,1451.21,USD,2026-02-07T10:00:00Z
BL-0001171,2026-02,2026-02-01,2026-02-28,,TEAM-MIP,,Support,OnDemand,,,1858.06,0,1858.06,USD,2026-02-07T10:00:00Z
BL-0001172,2026-02,2026-02-01,2026-02-28,,TEAM-TRUST,,Support,OnDemand,,,1731.27,0,1731.27,USD,2026-02-07T10:00:00Z
BL-0001173,2026-02,2026-02-01,2026-02-28,,TEAM-RES,,Support,OnDemand,,,1316.29,0,1316.29,USD,2026-02-07T10:00:00Z
BL-0001174,2026-03,2026-03-01,2026-03-31,,TEAM-FMT,,Support,OnDemand,,,1371.41,0,1371.41,USD,2026-03-07T10:00:00Z
BL-0001175,2026-03,2026-03-01,2026-03-31,,TEAM-SRCH,,Support,OnDemand,,,1701.29,0,1701.29,USD,2026-03-07T10:00:00Z
BL-0001176,2026-03,2026-03-01,2026-03-31,,TEAM-CONV,,Support,OnDemand,,,1807.79,0,1807.79,USD,2026-03-07T10:00:00Z
BL-0001177,2026-03,2026-03-01,2026-03-31,,TEAM-DOC,,Support,OnDemand,,,1167.98,0,1167.98,USD,2026-03-07T10:00:00Z
BL-0001178,2026-03,2026-03-01,2026-03-31,,TEAM-MIP,,Support,OnDemand,,,1668.18,0,1668.18,USD,2026-03-07T10:00:00Z
BL-0001179,2026-03,2026-03-01,2026-03-31,,TEAM-TRUST,,Support,OnDemand,,,1846.57,0,1846.57,USD,2026-03-07T10:00:00Z
BL-0001180,2026-03,2026-03-01,2026-03-31,,TEAM-RES,,Support,OnDemand,,,1263.02,0,1263.02,USD,2026-03-07T10:00:00Z
BL-0001181,2026-04,2026-04-01,2026-04-30,,TEAM-FMT,,Support,OnDemand,,,1734.98,0,1734.98,USD,2026-04-07T10:00:00Z
BL-0001182,2026-04,2026-04-01,2026-04-30,,TEAM-SRCH,,Support,OnDemand,,,1809.91,0,1809.91,USD,2026-04-07T10:00:00Z
BL-0001183,2026-04,2026-04-01,2026-04-30,,TEAM-CONV,,Support,OnDemand,,,1846.29,0,1846.29,USD,2026-04-07T10:00:00Z
BL-0001184,2026-04,2026-04-01,2026-04-30,,TEAM-DOC,,Support,OnDemand,,,1227.24,0,1227.24,USD,2026-04-07T10:00:00Z
BL-0001185,2026-04,2026-04-01,2026-04-30,,TEAM-MIP,,Support,OnDemand,,,1767.28,0,1767.28,USD,2026-04-07T10:00:00Z
BL-0001186,2026-04,2026-04-01,2026-04-30,,TEAM-TRUST,,Support,OnDemand,,,1244.16,0,1244.16,USD,2026-04-07T10:00:00Z
BL-0001187,2026-04,2026-04-01,2026-04-30,,TEAM-RES,,Support,OnDemand,,,1510.51,0,1510.51,USD,2026-04-07T10:00:00Z
BL-0001188,2026-04,2026-04-01,2026-04-30,,TEAM-CONV,,Credit,OnDemand,,,-35901.94,0,-35901.94,USD,2026-04-15T08:00:00Z
BL-0001189,2026-05,2026-05-01,2026-05-31,,TEAM-FMT,,Support,OnDemand,,,1902.16,0,1902.16,USD,2026-05-07T10:00:00Z
BL-0001190,2026-05,2026-05-01,2026-05-31,,TEAM-SRCH,,Support,OnDemand,,,1420.34,0,1420.34,USD,2026-05-07T10:00:00Z
BL-0001191,2026-05,2026-05-01,2026-05-31,,TEAM-CONV,,Support,OnDemand,,,1694.07,0,1694.07,USD,2026-05-07T10:00:00Z
BL-0001192,2026-05,2026-05-01,2026-05-31,,TEAM-DOC,,Support,OnDemand,,,1584.67,0,1584.67,USD,2026-05-07T10:00:00Z
BL-0001193,2026-05,2026-05-01,2026-05-31,,TEAM-MIP,,Support,OnDemand,,,1413.35,0,1413.35,USD,2026-05-07T10:00:00Z
BL-0001194,2026-05,2026-05-01,2026-05-31,,TEAM-TRUST,,Support,OnDemand,,,1339.44,0,1339.44,USD,2026-05-07T10:00:00Z
BL-0001195,2026-05,2026-05-01,2026-05-31,,TEAM-RES,,Support,OnDemand,,,1260.99,0,1260.99,USD,2026-05-07T10:00:00Z
BL-0001196,2026-06,2026-06-01,2026-06-30,,TEAM-FMT,,Support,OnDemand,,,1194.83,0,1194.83,USD,2026-06-07T10:00:00Z
BL-0001197,2026-06,2026-06-01,2026-06-30,,TEAM-SRCH,,Support,OnDemand,,,1817.3,0,1817.3,USD,2026-06-07T10:00:00Z
BL-0001198,2026-06,2026-06-01,2026-06-30,,TEAM-CONV,,Support,OnDemand,,,1884.2,0,1884.2,USD,2026-06-07T10:00:00Z
BL-0001199,2026-06,2026-06-01,2026-06-30,,TEAM-DOC,,Support,OnDemand,,,1763.83,0,1763.83,USD,2026-06-07T10:00:00Z
BL-0001200,2026-06,2026-06-01,2026-06-30,,TEAM-MIP,,Support,OnDemand,,,1256.06,0,1256.06,USD,2026-06-07T10:00:00Z
BL-0001201,2026-06,2026-06-01,2026-06-30,,TEAM-TRUST,,Support,OnDemand,,,1987.51,0,1987.51,USD,2026-06-07T10:00:00Z
BL-0001202,2026-06,2026-06-01,2026-06-30,,TEAM-RES,,Support,OnDemand,,,1982.82,0,1982.82,USD,2026-06-07T10:00:00Z
BL-0001203,2026-07,2026-07-01,2026-07-31,,TEAM-FMT,,Support,OnDemand,,,1622.1,0,1622.1,USD,2026-07-07T10:00:00Z
BL-0001204,2026-07,2026-07-01,2026-07-31,,TEAM-SRCH,,Support,OnDemand,,,1451.15,0,1451.15,USD,2026-07-07T10:00:00Z
BL-0001205,2026-07,2026-07-01,2026-07-31,,TEAM-CONV,,Support,OnDemand,,,1183.02,0,1183.02,USD,2026-07-07T10:00:00Z
BL-0001206,2026-07,2026-07-01,2026-07-31,,TEAM-DOC,,Support,OnDemand,,,1568.58,0,1568.58,USD,2026-07-07T10:00:00Z
BL-0001207,2026-07,2026-07-01,2026-07-31,,TEAM-MIP,,Support,OnDemand,,,1303.52,0,1303.52,USD,2026-07-07T10:00:00Z
BL-0001208,2026-07,2026-07-01,2026-07-31,,TEAM-TRUST,,Support,OnDemand,,,1694.78,0,1694.78,USD,2026-07-07T10:00:00Z
BL-0001209,2026-07,2026-07-01,2026-07-31,,TEAM-RES,,Support,OnDemand,,,1523.14,0,1523.14,USD,2026-07-07T10:00:00Z
